-637,8723149
-615,5655798
-615,5655798
-615,5655798
-611,1039168
-602,1802745
-602,1802745
-602,1802745
-602,1802745
-584,3317254
-584,3317254
-584,3317254
-584,3317254
-566,4814901
-566,4814901
-566,4814901
-566,4814901
-553,0927069
-553,0927069
-553,0927069
-553,0927069
-544,1663244
-544,1663244
-544,1663244
-539,702975
-526,3122942
-526,3122942
-526,3122942
-526,3122942
-517,3846464
-517,3846464
-517,3846464
-517,3846464
-508,4565769
-508,4565769
-508,4565769
-508,4565769
-499,5280856
-499,5280856
-499,5280856
-495,0636818
-486,1345576
-486,1345576
-486,1345576
-486,1345576
-486,1345576
-486,1345576
-486,1345576
-486,1345576
-477,2050117
-477,2050117
-477,2050117
-477,2050117
-468,2750437
-468,2750437
-468,2750437
-463,8099016
-459,3446539
-459,3446539
-459,3446539
-459,3446539
-454,8793007
-454,8793007
-454,8793007
-454,8793007
-441,4826082
-441,4826082
-441,4826082
-441,4826082
-432,5509523
-432,5509523
-432,5509523
-432,5509523
-423,6188744
-423,6188744
-423,6188744
-423,6188744
-414,6863743
-414,6863743
-414,6863743
-414,6863743
-401,2868327
-401,2868327
-401,2868327
-401,2868327
-387,8863413
-387,8863413
-387,8863413
-387,8863413
-378,9521525
-378,9521525
-378,9521525
-378,9521525
-370,0175415
-370,0175415
-370,0175415
-370,0175415
-347,6791665
-347,6791665
-347,6791665
-347,6791665
-338,7430774
-338,7430774
-338,7430774
-334,2748745
-320,869632
-320,869632
-320,869632
-320,869632
-298,5254491
-298,5254491
-298,5254491
-298,5254491
-267,2391563
-267,2391563
-267,2391563
-267,2391563
-240,4182135
-240,4182135
-240,4182135
-240,4182135
-218,0645217
-218,0645217
-218,0645217
-218,0645217
-204,6510382
-204,6510382
-204,6510382
-204,6510382
-186,7649138
-186,7649138
-186,7649138
-182,2931183
-164,4048793
-164,4048793
-164,4048793
-159,9325552
-146,5149485
-146,5149485
-146,5149485
-146,5149485
-137,5693485
-137,5693485
-137,5693485
-137,5693485
-119,6768794
-119,6768794
-119,6768794
-119,6768794
-101,7827178
-101,7827178
-101,7827178
-101,7827178
-88,36098578
-88,36098578
-88,36098578
-88,36098578
-74,93830151
-74,93830151
-74,93830151
-74,93830151
-57,0399077
-57,0399077
-57,0399077
-57,0399077
-52,56504468
-52,56504468
-52,56504468
-52,56504468
-48,09007582
-48,09007582
-48,09007582
-43,61500112
-39,13982058
-39,13982058
-39,13982058
-39,13982058
-30,18914195
-30,18914195
-30,18914195
-30,18914195
-25,71364386
-25,71364386
-25,71364386
-25,71364386
-16,76233009
-16,76233009
-16,76233009
-16,76233009
-12,28651441
-12,28651441
-12,28651441
-12,28651441
-7,810592862
-7,810592862
-7,810592862
-7,810592862
1,141567859
1,141567859
1,141567859
1,141567859
14,57060306
14,57060306
14,57060306
14,57060306
28,00059128
28,00059128
28,00059128
28,00059128
23,52382264
23,52382264
23,52382264
23,52382264
28,00059128
28,00059128
28,00059128
28,00059128
41,43153263
41,43153263
41,43153263
41,43153263
45,90872491
45,90872491
45,90872491
50,3860231
54,86342722
54,86342722
54,86342722
59,34093726
63,81855323
63,81855323
63,81855323
68,29627513
81,73007648
81,73007648
81,73007648
81,73007648
99,64329491
99,64329491
99,64329491
104,1218644
122,0372022
122,0372022
122,0372022
122,0372022
135,4748183
135,4748183
135,4748183
135,4748183
148,9133883
148,9133883
148,9133883
148,9133883
162,3529124
162,3529124
162,3529124
166,8329658
184,7542396
184,7542396
184,7542396
189,2348231
202,6772099
202,6772099
202,6772099
202,6772099
211,6393314
211,6393314
211,6393314
211,6393314
225,083309
225,083309
225,083309
225,083309
243,0100975
243,0100975
243,0100975
243,0100975
260,9385833
260,9385833
260,9385833
265,42097
283,3515778
283,3515778
283,3515778
283,3515778
296,8006479
296,8006479
296,8006479
296,8006479
310,2506732
310,2506732
310,2506732
314,7342272
337,1535896
337,1535896
337,1535896
337,1535896
350,606481
350,606481
350,606481
350,606481
359,5756061
359,5756061
359,5756061
359,5756061
377,5151305
377,5151305
377,5151305
377,5151305
395,4563541
395,4563541
395,4563541
395,4563541
413,3992771
413,3992771
413,3992771
413,3992771
431,3438997
431,3438997
431,3438997
431,3438997
449,2902221
449,2902221
449,2902221
449,2902221
471,725516
471,725516
471,725516
471,725516
494,1634669
494,1634669
494,1634669
494,1634669
507,6275129
507,6275129
507,6275129
507,6275129
525,5810625
525,5810625
525,5810625
525,5810625
543,5363133
543,5363133
543,5363133
543,5363133
557,0038679
557,0038679
557,0038679
557,0038679
574,9620962
574,9620962
574,9620962
574,9620962
592,9220264
592,9220264
592,9220264
592,9220264
601,9026298
601,9026298
601,9026298
606,393091
633,3380928
633,3380928
633,3380928
633,3380928
669,2707211
669,2707211
669,2707211
669,2707211
691,732073
691,732073
691,732073
696,2246628
718,6892086
718,6892086
718,6892086
718,6892086
741,1564165
741,1564165
741,1564165
745,6501776
768,1205807
768,1205807
768,1205807
768,1205807
781,6041008
781,6041008
781,6041008
781,6041008
804,0787651
804,0787651
804,0787651
804,0787651
822,0604146
822,0604146
822,0604146
826,5560934
840,0437692
840,0437692
840,0437692
840,0437692
858,0288292
858,0288292
858,0288292
858,0288292
876,0155948
876,0155948
876,0155948
880,5125527
898,5014507
898,5014507
898,5014507
898,5014507
920,9899724
920,9899724
920,9899724
920,9899724
938,9827096
938,9827096
938,9827096
938,9827096
956,9771535
956,9771535
956,9771535
961,4760312
979,4726089
979,4726089
979,4726089
979,4726089
997,4708938
997,4708938
997,4708938
997,4708938
1010,970728
1010,970728
1010,970728
1010,970728
1033,472586
1033,472586
1033,472586
1033,472586
1046,974982
1046,974982
1046,974982
1046,974982
1069,481111
1069,481111
1069,481111
1069,481111
1087,487936
1087,487936
1087,487936
1087,487936
1100,994176
1100,994176
1100,994176
1105,496469
1119,003991
1119,003991
1119,003991
1119,003991
1137,015515
1137,015515
1137,015515
1137,015515
1155,028749
1155,028749
1155,028749
1159,532325
1173,043693
1173,043693
1173,043693
1173,043693
1195,564777
1195,564777
1195,564777
1195,564777
1209,07871
1209,07871
1209,07871
1209,07871
1227,098783
1227,098783
1227,098783
1231,604069
1258,638029
1258,638029
1258,638029
1263,144063
1290,182514
1290,182514
1290,182514
1294,689297
1312,717499
1312,717499
1312,717499
1317,224816
1335,255158
1335,255158
1335,255158
1335,255158
1357,795492
1357,795492
1357,795492
1357,795492
1375,829685
1375,829685
1375,829685
1380,338501
1402,884187
1402,884187
1402,884187
1402,884187
1416,412883
1416,412883
1416,412883
1420,922663
1434,452644
1434,452644
1434,452644
1434,452644
1457,004754
1457,004754
1457,004754
1457,004754
1470,537305
1470,537305
1470,537305
1470,537305
1484,070821
1484,070821
1484,070821
1484,070821
1502,117008
1502,117008
1502,117008
1502,117008
1520,164909
1520,164909
1520,164909
1520,164909
1538,214525
1538,214525
1538,214525
1538,214525
1551,752862
1551,752862
1551,752862
1551,752862
1565,292164
1565,292164
1565,292164
1565,292164
1578,832431
1578,832431
1578,832431
1578,832431
1596,887621
1596,887621
1596,887621
1596,887621
1610,430139
1610,430139
1610,430139
1610,430139
1628,488332
1628,488332
1628,488332
1628,488332
1646,548241
1646,548241
1646,548241
1646,548241
1669,12554
1669,12554
1669,12554
1669,12554
1682,673207
1682,673207
1682,673207
1682,673207
1700,738265
1700,738265
1700,738265
1700,738265
1718,80504
1718,80504
1718,80504
1718,80504
1732,356248
1732,356248
1732,356248
1732,356248
1750,426029
1750,426029
1750,426029
1750,426029
1768,497527
1768,497527
1768,497527
1768,497527
1786,570743
1786,570743
1786,570743
1786,570743
1809,164679
1809,164679
1809,164679
1809,164679
1840,800702
1840,800702
1840,800702
1840,800702
1863,401083
1863,401083
1863,401083
1867,921482
1886,004151
1886,004151
1886,004151
1886,004151
1904,08854
1904,08854
1904,08854
1908,609905
1931,218347
1931,218347
1931,218347
1931,218347
1944,784702
1944,784702
1944,784702
1949,307036
1958,352025
1958,352025
1958,352025
1958,352025
1971,920316
1971,920316
1971,920316
1971,920316
1980,966381
1980,966381
1980,966381
1980,966381
1985,489574
1985,489574
1985,489574
1985,489574
1990,012876
1990,012876
1990,012876
1990,012876
1985,489574
1985,489574
1985,489574
1985,489574
1994,536284
1994,536284
1994,536284
1994,536284
1990,012876
1990,012876
1990,012876
1990,012876
1980,966381
1980,966381
1980,966381
1980,966381
1971,920316
1971,920316
1971,920316
1971,920316
1971,920316
1971,920316
1971,920316
1971,920316
1962,874681
1962,874681
1962,874681
1962,874681
1958,352025
1958,352025
1958,352025
1958,352025
1949,307036
1949,307036
1949,307036
1949,307036
1940,262476
1940,262476
1940,262476
1940,262476
1931,218347
1931,218347
1931,218347
1931,218347
1926,696444
1926,696444
1926,696444
1926,696444
1917,65296
1917,65296
1917,65296
1913,131379
1908,609905
1908,609905
1908,609905
1908,609905
1904,08854
1904,08854
1904,08854
1904,08854
1904,08854
1904,08854
1904,08854
1904,08854
1904,08854
1904,08854
1904,08854
1904,08854
1899,567281
1899,567281
1899,567281
1899,567281
1895,04613
1895,04613
1895,04613
1895,04613
1895,04613
1895,04613
1895,04613
1895,04613
1895,04613
1895,04613
1895,04613
1895,04613
1899,567281
1899,567281
1899,567281
1899,567281
1913,131379
1913,131379
1913,131379
1913,131379
1917,65296
1917,65296
1917,65296
1917,65296
1908,609905
1908,609905
1908,609905
1908,609905
1899,567281
1899,567281
1899,567281
1899,567281
1890,525087
1890,525087
1890,525087
1890,525087
1876,962601
1876,962601
1876,962601
1872,441988
1854,360608
1854,360608
1854,360608
1854,360608
1827,241762
1827,241762
1827,241762
1827,241762
1804,645677
1804,645677
1804,645677
1800,126783
1732,356248
1732,356248
1732,356248
1727,839071
1655,578838
1655,578838
1655,578838
1651,063486
1565,292164
1565,292164
1565,292164
1560,778956
1497,6053
1497,6053
1497,6053
1493,0937
1425,432549
1425,432549
1425,432549
1416,412883
1335,255158
1335,255158
1335,255158
1326,239773
1222,593605
1222,593605
1222,593605
1218,088533
1141,518664
1141,518664
1141,518664
1141,518664
1096,491989
1096,491989
1096,491989
1091,989909
1042,474077
1042,474077
1042,474077
1037,973278
1001,970732
1001,970732
1001,970732
1001,970732
970,4741067
970,4741067
970,4741067
970,4741067
965,9750156
965,9750156
965,9750156
965,9750156
952,4783826
952,4783826
952,4783826
952,4783826
952,4783826
952,4783826
952,4783826
952,4783826
943,4811606
943,4811606
943,4811606
943,4811606
943,4811606
943,4811606
943,4811606
943,4811606
943,4811606
943,4811606
943,4811606
943,4811606
952,4783826
952,4783826
952,4783826
952,4783826
956,9771535
956,9771535
956,9771535
956,9771535
983,97202
983,97202
983,97202
983,97202
997,4708938
997,4708938
997,4708938
1001,970732
1024,471523
1024,471523
1024,471523
1024,471523
1042,474077
1042,474077
1042,474077
1042,474077
1064,979672
1064,979672
1064,979672
1064,979672
1073,982657
1073,982657
1073,982657
1073,982657
1091,989909
1091,989909
1091,989909
1091,989909
1114,501377
1114,501377
1114,501377
1114,501377
1137,015515
1137,015515
1137,015515
1141,518664
1159,532325
1159,532325
1159,532325
1159,532325
1182,051806
1182,051806
1182,051806
1182,051806
1209,07871
1209,07871
1209,07871
1209,07871
1231,604069
1231,604069
1231,604069
1231,604069
1249,626281
1249,626281
1249,626281
1249,626281
1276,662807
1276,662807
1276,662807
1276,662807
1294,689297
1294,689297
1294,689297
1299,196187
1317,224816
1317,224816
1317,224816
1317,224816
1335,255158
1335,255158
1335,255158
1335,255158
1353,287211
1353,287211
1353,287211
1353,287211
1371,320976
1371,320976
1371,320976
1371,320976
1389,356454
1389,356454
1389,356454
1389,356454
1398,374836
1398,374836
1398,374836
1398,374836
1407,393645
1407,393645
1407,393645
1411,903211
1425,432549
1425,432549
1425,432549
1425,432549
1425,432549
1425,432549
1425,432549
1425,432549
1425,432549
1425,432549
1425,432549
1425,432549
1425,432549
1425,432549
1425,432549
1425,432549
1416,412883
1416,412883
1416,412883
1416,412883
1416,412883
1416,412883
1416,412883
1416,412883
1402,884187
1402,884187
1402,884187
1402,884187
1402,884187
1402,884187
1402,884187
1398,374836
1389,356454
1389,356454
1389,356454
1389,356454
1357,795492
1357,795492
1357,795492
1357,795492
1330,747412
1330,747412
1330,747412
1330,747412
1294,689297
1294,689297
1294,689297
1290,182514
1258,638029
1258,638029
1258,638029
1254,132102
1200,069314
1200,069314
1200,069314
1200,069314
1150,525281
1150,525281
1150,525281
1146,021919
1091,989909
1091,989909
1091,989909
1087,487936
1037,973278
1037,973278
1037,973278
1033,472586
983,97202
983,97202
983,97202
983,97202
938,9827096
938,9827096
938,9827096
934,4843653
880,5125527
880,5125527
880,5125527
876,0155948
826,5560934
826,5560934
826,5560934
822,0604146
777,1094876
777,1094876
777,1094876
772,6149809
723,1824372
723,1824372
723,1824372
723,1824372
669,2707211
669,2707211
669,2707211
664,77877
615,3743327
615,3743327
615,3743327
610,8836586
565,9827694
565,9827694
565,9827694
565,9827694
521,0925156
521,0925156
521,0925156
521,0925156
476,2128936
476,2128936
476,2128936
471,725516
426,8575847
426,8575847
426,8575847
422,3713759
382,0002771
382,0002771
382,0002771
377,5151305
346,1220777
346,1220777
346,1220777
346,1220777
310,2506732
310,2506732
310,2506732
310,2506732
278,8687667
278,8687667
278,8687667
274,3860617
251,9741282
251,9741282
251,9741282
251,9741282
229,564847
229,564847
229,564847
229,564847
216,1205512
216,1205512
216,1205512
216,1205512
207,1582176
207,1582176
207,1582176
207,1582176
216,1205512
216,1205512
216,1205512
216,1205512
220,6018771
220,6018771
220,6018771
220,6018771
225,083309
225,083309
225,083309
225,083309
220,6018771
220,6018771
220,6018771
220,6018771
220,6018771
220,6018771
220,6018771
220,6018771
216,1205512
216,1205512
216,1205512
216,1205512
211,6393314
211,6393314
211,6393314
211,6393314
207,1582176
207,1582176
207,1582176
211,6393314
216,1205512
216,1205512
216,1205512
216,1205512
216,1205512
216,1205512
216,1205512
216,1205512
220,6018771
220,6018771
220,6018771
220,6018771
216,1205512
216,1205512
216,1205512
216,1205512
225,083309
225,083309
225,083309
225,083309
225,083309
225,083309
225,083309
225,083309
238,5282412
238,5282412
238,5282412
238,5282412
243,0100975
243,0100975
243,0100975
243,0100975
260,9385833
260,9385833
260,9385833
260,9385833
269,9034628
269,9034628
269,9034628
269,9034628
283,3515778
283,3515778
283,3515778
283,3515778
292,3175185
292,3175185
292,3175185
292,3175185
314,7342272
314,7342272
314,7342272
314,7342272
323,7016537
323,7016537
323,7016537
323,7016537
332,6695048
332,6695048
332,6695048
332,6695048
337,1535896
337,1535896
337,1535896
341,6377806
359,5756061
359,5756061
359,5756061
359,5756061
368,5451559
368,5451559
368,5451559
368,5451559
386,4855299
386,4855299
386,4855299
386,4855299
404,4276031
404,4276031
404,4276031
404,4276031
435,8303209
435,8303209
435,8303209
435,8303209
462,7510797
462,7510797
462,7510797
462,7510797
507,6275129
507,6275129
507,6275129
507,6275129
530,0697157
530,0697157
530,0697157
534,5584752
565,9827694
565,9827694
565,9827694
565,9827694
592,9220264
592,9220264
592,9220264
592,9220264
628,8469932
628,8469932
628,8469932
628,8469932
655,7951873
655,7951873
655,7951873
660,2869254
691,732073
691,732073
691,732073
691,732073
723,1824372
723,1824372
723,1824372
723,1824372
763,626287
763,626287
763,626287
763,626287
795,0885798
795,0885798
795,0885798
795,0885798
831,0518787
831,0518787
831,0518787
831,0518787
862,5253606
862,5253606
862,5253606
862,5253606
894,0040662
894,0040662
894,0040662
898,5014507
929,9861277
929,9861277
929,9861277
929,9861277
970,4741067
970,4741067
970,4741067
970,4741067
1006,470677
1006,470677
1006,470677
1006,470677
1046,974982
1046,974982
1046,974982
1051,475995
1087,487936
1087,487936
1087,487936
1091,989909
1128,00954
1128,00954
1128,00954
1132,512474
1159,532325
1159,532325
1159,532325
1164,036007
1204,573958
1204,573958
1204,573958
1204,573958
1245,120568
1245,120568
1245,120568
1245,120568
1281,169269
1281,169269
1281,169269
1285,675838
1317,224816
1317,224816
1317,224816
1317,224816
1353,287211
1353,287211
1353,287211
1357,795492
1393,865592
1393,865592
1393,865592
1398,374836
1429,942543
1429,942543
1429,942543
1434,452644
1479,559542
1479,559542
1479,559542
1484,070821
1533,70196
1533,70196
1533,70196
1533,70196
1583,346068
1583,346068
1583,346068
1583,346068
1628,488332
1628,488332
1628,488332
1633,003148
1669,12554
1669,12554
1669,12554
1673,641321
1705,254798
1705,254798
1705,254798
1709,771438
1745,908423
1745,908423
1745,908423
1745,908423
1786,570743
1786,570743
1786,570743
1786,570743
1813,683789
1813,683789
1813,683789
1818,203006
1854,360608
1854,360608
1854,360608
1854,360608
1881,483322
1881,483322
1881,483322
1881,483322
1913,131379
1913,131379
1913,131379
1917,65296
1958,352025
1958,352025
1958,352025
1958,352025
1990,012876
1990,012876
1990,012876
1990,012876
2017,154942
2017,154942
2017,154942
2017,154942
2053,350389
2053,350389
2053,350389
2053,350389
2085,027054
2085,027054
2085,027054
2085,027054
2112,18268
2112,18268
2112,18268
2112,18268
2139,342181
2139,342181
2139,342181
2143,869142
2175,56088
2175,56088
2175,56088
2180,088702
2202,729428
2202,729428
2202,729428
2202,729428
2229,901855
2229,901855
2229,901855
2229,901855
2266,137792
2266,137792
2266,137792
2266,137792
2288,788756
2288,788756
2288,788756
2293,319272
2315,973471
2315,973471
2315,973471
2315,973471
2338,630365
2338,630365
2338,630365
2343,162067
2370,354547
2370,354547
2370,354547
2370,354547
2402,084015
2402,084015
2402,084015
2402,084015
2433,818771
2433,818771
2433,818771
2433,818771
2456,489691
2456,489691
2456,489691
2461,024199
2488,233514
2488,233514
2488,233514
2488,233514
2529,054776
2529,054776
2529,054776
2533,591012
2578,959311
2578,959311
2578,959311
2578,959311
2615,261731
2615,261731
2615,261731
2615,261731
2647,032022
2647,032022
2647,032022
2651,571068
2683,347414
2683,347414
2683,347414
2683,347414
2715,12906
2715,12906
2715,12906
2715,12906
2742,37469
2742,37469
2742,37469
2742,37469
2769,624214
2769,624214
2769,624214
2769,624214
2796,877634
2796,877634
2796,877634
2796,877634
2824,134952
2824,134952
2824,134952
2824,134952
2851,396167
2851,396167
2851,396167
2851,396167
2878,66128
2878,66128
2878,66128
2883,205845
2896,840189
2896,840189
2896,840189
2901,385186
2924,111801
2924,111801
2924,111801
2928,657449
2951,387315
2951,387315
2951,387315
2955,933613
2974,119889
2974,119889
2974,119889
2974,119889
2992,3079
2992,3079
2992,3079
2996,855174
3019,593169
3019,593169
3019,593169
3019,593169
3042,333875
3042,333875
3042,333875
3042,333875
3060,528392
3060,528392
3060,528392
3060,528392
3078,724644
3078,724644
3078,724644
3078,724644
3101,472401
3101,472401
3101,472401
3106,022278
3128,773289
3128,773289
3128,773289
3128,773289
3156,078085
3156,078085
3156,078085
3156,078085
3174,283453
3174,283453
3174,283453
3174,283453
3187,938618
3187,938618
3187,938618
3192,490558
3206,147026
3206,147026
3206,147026
3206,147026
3215,251882
3215,251882
3215,251882
3219,804472
3233,462896
3233,462896
3233,462896
3238,015921
3265,336353
3265,336353
3265,336353
3265,336353
3292,660696
3292,660696
3292,660696
3292,660696
3310,879098
3310,879098
3310,879098
3310,879098
3324,54404
3324,54404
3324,54404
3324,54404
3333,654545
3333,654545
3333,654545
3333,654545
3338,209961
3338,209961
3338,209961
3338,209961
3333,654545
3333,654545
3333,654545
3329,099239
3319,988951
3319,988951
3319,988951
3319,988951
3301,769679
3301,769679
3301,769679
3297,215133
3278,998035
3278,998035
3278,998035
3278,998035
3260,782676
3260,782676
3260,782676
3260,782676
3242,569055
3242,569055
3242,569055
3238,015921
3210,6994
3210,6994
3210,6994
3210,6994
3192,490558
3192,490558
3192,490558
3192,490558
3169,731948
3169,731948
3169,731948
3169,731948
3137,874454
3137,874454
3137,874454
3137,874454
3110,572263
3110,572263
3110,572263
3110,572263
3083,273979
3083,273979
3083,273979
3078,724644
3046,882342
3046,882342
3046,882342
3042,333875
3015,045353
3015,045353
3015,045353
3015,045353
2978,66673
2978,66673
2978,66673
2974,119889
2937,74907
2937,74907
2937,74907
2937,74907
2905,930293
2905,930293
2905,930293
2901,385186
2865,028236
2865,028236
2865,028236
2860,484105
2819,591795
2819,591795
2819,591795
2815,048746
2774,16618
2774,16618
2774,16618
2769,624214
2728,751388
2728,751388
2728,751388
2724,210504
2669,728331
2669,728331
2669,728331
2665,188853
2619,800019
2619,800019
2619,800019
2615,261731
2565,347687
2565,347687
2565,347687
2560,810695
2506,375217
2506,375217
2506,375217
2501,839629
2447,420999
2447,420999
2447,420999
2442,886815
2383,952243
2383,952243
2383,952243
2379,41957
2315,973471
2315,973471
2315,973471
2311,442415
2216,315157
2216,315157
2216,315157
2211,786473
2134,815328
2134,815328
2134,815328
2130,288583
2021,678996
2021,678996
2021,678996
2017,154942
1926,696444
1926,696444
1926,696444
1917,65296
1809,164679
1809,164679
1809,164679
1800,126783
1687,18931
1687,18931
1687,18931
1678,15721
1542,727197
1542,727197
1542,727197
1533,70196
1407,393645
1407,393645
1407,393645
1398,374836
1245,120568
1245,120568
1245,120568
1236,109462
1069,481111
1069,481111
1069,481111
1060,478339
885,0096172
885,0096172
885,0096172
876,0155948
691,732073
691,732073
691,732073
682,7472129
516,604075
516,604075
516,604075
512,1157408
359,5756061
359,5756061
359,5756061
350,606481
225,083309
225,083309
225,083309
216,1205512
95,16483137
95,16483137
95,16483137
86,20822216
-25,71364386
-25,71364386
-25,71364386
-34,66453419
-155,4601254
-155,4601254
-155,4601254
-159,9325552
-294,0562956
-294,0562956
-294,0562956
-302,9944969
-428,0849661
-428,0849661
-428,0849661
-432,5509523
-548,6295684
-548,6295684
-548,6295684
-553,0927069
-669,0973195
-669,0973195
-669,0973195
-673,5576131
-793,9457443
-793,9457443
-793,9457443
-798,4030905
-923,1660825
-923,1660825
-923,1660825
-932,0745706
-1052,298026
-1052,298026
-1052,298026
-1056,749276
-1176,893353
-1176,893353
-1176,893353
-1185,789872
-1319,187319
-1319,187319
-1319,187319
-1323,632275
-1456,932282
-1456,932282
-1456,932282
-1461,373993
-1607,891756
-1607,891756
-1607,891756
-1612,329911
-1745,425953
-1745,425953
-1745,425953
-1749,860869
-1860,699834
-1860,699834
-1860,699834
-1865,132036
-1980,332682
-1980,332682
-1980,332682
-1984,762068
-2086,609202
-2086,609202
-2086,609202
-2091,036088
-2219,370506
-2219,370506
-2219,370506
-2223,79427
-2334,354567
-2334,354567
-2334,354567
-2343,196584
-2444,849906
-2444,849906
-2444,849906
-2449,268369
-2524,366361
-2524,366361
-2524,366361
-2524,366361
-2581,773999
-2581,773999
-2581,773999
-2586,189245
-2630,336001
-2630,336001
-2630,336001
-2634,750106
-2678,885456
-2678,885456
-2678,885456
-2683,298421
-2709,774034
-2709,774034
-2709,774034
-2709,774034
-2731,834196
-2731,834196
-2731,834196
-2731,834196
-2740,657535
-2740,657535
-2740,657535
-2740,657535
-2745,069049
-2745,069049
-2745,069049
-2745,069049
-2749,48046
-2749,48046
-2749,48046
-2745,069049
-2736,245917
-2736,245917
-2736,245917
-2736,245917
-2718,59841
-2718,59841
-2718,59841
-2718,59841
-2696,536694
-2696,536694
-2696,536694
-2696,536694
-2674,472388
-2674,472388
-2674,472388
-2674,472388
-2652,40549
-2652,40549
-2652,40549
-2647,9918
-2612,678543
-2612,678543
-2612,678543
-2612,678543
-2581,773999
-2581,773999
-2581,773999
-2581,773999
-2546,448297
-2546,448297
-2546,448297
-2546,448297
-2502,28183
-2502,28183
-2502,28183
-2502,28183
-2458,104984
-2458,104984
-2458,104984
-2458,104984
-2413,917756
-2413,917756
-2413,917756
-2409,498461
-2369,72014
-2369,72014
-2369,72014
-2365,299807
-2329,933403
-2329,933403
-2329,933403
-2325,512134
-2285,716042
-2285,716042
-2285,716042
-2281,293734
-2237,064937
-2237,064937
-2237,064937
-2237,064937
-2197,250126
-2197,250126
-2197,250126
-2197,250126
-2161,852108
-2161,852108
-2161,852108
-2161,852108
-2126,447429
-2126,447429
-2126,447429
-2126,447429
-2099,889548
-2099,889548
-2099,889548
-2095,46287
-2064,473208
-2064,473208
-2064,473208
-2064,473208
-2042,334611
-2042,334611
-2042,334611
-2042,334611
-2020,193409
-2020,193409
-2020,193409
-2020,193409
-2002,478572
-2002,478572
-2002,478572
-2002,478572
-1980,332682
-1980,332682
-1980,332682
-1980,332682
-1971,473596
-1971,473596
-1971,473596
-1967,043896
-1953,754173
-1953,754173
-1953,754173
-1953,754173
-1944,893836
-1944,893836
-1944,893836
-1944,893836
-1927,171912
-1927,171912
-1927,171912
-1927,171912
-1922,74117
-1922,74117
-1922,74117
-1922,74117
-1913,879374
-1913,879374
-1913,879374
-1913,879374
-1909,448319
-1909,448319
-1909,448319
-1909,448319
-1900,585897
-1900,585897
-1900,585897
-1900,585897
-1900,585897
-1900,585897
-1900,585897
-1900,585897
-1891,723057
-1891,723057
-1891,723057
-1891,723057
-1900,585897
-1900,585897
-1900,585897
-1900,585897
-1896,154529
-1896,154529
-1896,154529
-1896,154529
-1900,585897
-1900,585897
-1900,585897
-1900,585897
-1891,723057
-1891,723057
-1891,723057
-1891,723057
-1887,291481
-1887,291481
-1887,291481
-1887,291481
-1882,859801
-1882,859801
-1882,859801
-1882,859801
-1882,859801
-1882,859801
-1882,859801
-1882,859801
-1873,996127
-1873,996127
-1873,996127
-1873,996127
-1878,428016
-1878,428016
-1878,428016
-1873,996127
-1869,564134
-1869,564134
-1869,564134
-1869,564134
-1873,996127
-1873,996127
-1873,996127
-1873,996127
-1873,996127
-1873,996127
-1873,996127
-1873,996127
-1878,428016
-1878,428016
-1878,428016
-1878,428016
-1873,996127
-1873,996127
-1873,996127
-1873,996127
-1869,564134
-1869,564134
-1869,564134
-1869,564134
-1869,564134
-1869,564134
-1869,564134
-1869,564134
-1865,132036
-1865,132036
-1865,132036
-1865,132036
-1856,267528
-1856,267528
-1856,267528
-1856,267528
-1842,969983
-1842,969983
-1842,969983
-1842,969983
-1838,537259
-1838,537259
-1838,537259
-1834,104431
-1816,372076
-1816,372076
-1816,372076
-1811,938726
-1798,63805
-1798,63805
-1798,63805
-1798,63805
-1785,336435
-1785,336435
-1785,336435
-1780,902355
-1758,730387
-1758,730387
-1758,730387
-1758,730387
-1732,12058
-1732,12058
-1732,12058
-1732,12058
-1709,942868
-1709,942868
-1709,942868
-1709,942868
-1683,326168
-1683,326168
-1683,326168
-1683,326168
-1661,142711
-1661,142711
-1661,142711
-1661,142711
-1638,956642
-1638,956642
-1638,956642
-1638,956642
-1616,767961
-1616,767961
-1616,767961
-1616,767961
-1590,138093
-1590,138093
-1590,138093
-1590,138093
-1554,625748
-1554,625748
-1554,625748
-1554,625748
-1532,427134
-1532,427134
-1532,427134
-1532,427134
-1505,785345
-1505,785345
-1505,785345
-1505,785345
-1479,139789
-1479,139789
-1479,139789
-1474,698497
-1452,490467
-1452,490467
-1452,490467
-1452,490467
-1434,722158
-1434,722158
-1434,722158
-1430,27982
-1408,066555
-1408,066555
-1408,066555
-1408,066555
-1394,737341
-1394,737341
-1394,737341
-1394,737341
-1376,963588
-1376,963588
-1376,963588
-1376,963588
-1354,744041
-1354,744041
-1354,744041
-1354,744041
-1332,521875
-1332,521875
-1332,521875
-1332,521875
-1314,742257
-1314,742257
-1314,742257
-1310,29709
-1279,17799
-1279,17799
-1279,17799
-1279,17799
-1256,946918
-1256,946918
-1256,946918
-1256,946918
-1234,713224
-1234,713224
-1234,713224
-1234,713224
-1208,029332
-1208,029332
-1208,029332
-1208,029332
-1190,237973
-1190,237973
-1190,237973
-1185,789872
-1163,547789
-1163,547789
-1163,547789
-1159,099058
-1127,955001
-1127,955001
-1127,955001
-1127,955001
-1101,256003
-1101,256003
-1101,256003
-1096,805803
-1074,553226
-1074,553226
-1074,553226
-1070,102396
-1047,846671
-1047,846671
-1047,846671
-1043,39521
-1016,684244
-1016,684244
-1016,684244
-1016,684244
-994,4222178
-994,4222178
-994,4222178
-989,9694974
-963,2509685
-963,2509685
-963,2509685
-963,2509685
-936,528657
-936,528657
-936,528657
-932,0745706
-914,2571739
-914,2571739
-914,2571739
-914,2571739
-883,0726827
-883,0726827
-883,0726827
-883,0726827
-851,8830397
-851,8830397
-851,8830397
-851,8830397
-829,6015683
-829,6015683
-829,6015683
-829,6015683
-816,2314233
-816,2314233
-816,2314233
-816,2314233
-807,3174673
-807,3174673
-807,3174673
-807,3174673
-802,8603315
-802,8603315
-802,8603315
-802,8603315
-802,8603315
-802,8603315
-802,8603315
-802,8603315
-820,6882435
-820,6882435
-820,6882435
-820,6882435
-834,058073
-834,058073
-834,058073
-834,058073
-851,8830397
-851,8830397
-851,8830397
-851,8830397
-874,1618819
-874,1618819
-874,1618819
-878,6173349
-905,3478449
-905,3478449
-905,3478449
-905,3478449
-932,0745706
-932,0745706
-932,0745706
-936,528657
-967,7043193
-967,7043193
-967,7043193
-967,7043193
-1003,327344
-1003,327344
-1003,327344
-1003,327344
-1038,943645
-1038,943645
-1038,943645
-1038,943645
-1070,102396
-1070,102396
-1070,102396
-1074,553226
-1105,706098
-1105,706098
-1105,706098
-1105,706098
-1145,752234
-1145,752234
-1145,752234
-1145,752234
-1185,789872
-1185,789872
-1185,789872
-1190,237973
-1225,819013
-1225,819013
-1225,819013
-1230,266171
-1274,731985
-1274,731985
-1274,731985
-1279,17799
-1332,521875
-1332,521875
-1332,521875
-1336,966518
-1385,850674
-1385,850674
-1385,850674
-1390,294059
-1456,932282
-1456,932282
-1456,932282
-1456,932282
-1523,546956
-1523,546956
-1523,546956
-1527,987097
-1594,576666
-1594,576666
-1594,576666
-1594,576666
-1643,394065
-1643,394065
-1643,394065
-1647,831383
-1674,453099
-1674,453099
-1674,453099
-1674,453099
-1692,198819
-1692,198819
-1692,198819
-1696,634988
-1714,37862
-1714,37862
-1714,37862
-1718,814266
-1732,12058
-1732,12058
-1732,12058
-1732,12058
-1745,425953
-1745,425953
-1745,425953
-1745,425953
-1763,164989
-1763,164989
-1763,164989
-1763,164989
-1776,46817
-1776,46817
-1776,46817
-1776,46817
-1789,770411
-1789,770411
-1789,770411
-1789,770411
-1794,204283
-1794,204283
-1794,204283
-1794,204283
-1798,63805
-1798,63805
-1798,63805
-1798,63805
-1794,204283
-1794,204283
-1794,204283
-1794,204283
-1798,63805
-1798,63805
-1798,63805
-1798,63805
-1803,071713
-1803,071713
-1803,071713
-1803,071713
-1789,770411
-1789,770411
-1789,770411
-1789,770411
-1780,902355
-1780,902355
-1780,902355
-1780,902355
-1767,599487
-1767,599487
-1767,599487
-1767,599487
-1749,860869
-1749,860869
-1749,860869
-1749,860869
-1723,249808
-1723,249808
-1723,249808
-1723,249808
-1701,071053
-1701,071053
-1701,071053
-1701,071053
-1670,016407
-1670,016407
-1670,016407
-1670,016407
-1643,394065
-1643,394065
-1643,394065
-1638,956642
-1616,767961
-1616,767961
-1616,767961
-1616,767961
-1581,260634
-1581,260634
-1581,260634
-1576,821748
-1541,306893
-1541,306893
-1541,306893
-1541,306893
-1505,785345
-1505,785345
-1505,785345
-1505,785345
-1465,815599
-1465,815599
-1465,815599
-1461,373993
-1416,952175
-1416,952175
-1416,952175
-1416,952175
-1368,076083
-1368,076083
-1368,076083
-1363,632174
-1319,187319
-1319,187319
-1319,187319
-1319,187319
-1270,285876
-1270,285876
-1270,285876
-1265,839661
-1221,37175
-1221,37175
-1221,37175
-1216,924382
-1172,444937
-1172,444937
-1172,444937
-1172,444937
-1123,50543
-1123,50543
-1123,50543
-1123,50543
-1092,355497
-1092,355497
-1092,355497
-1087,905087
-1052,298026
-1052,298026
-1052,298026
-1052,298026
-1021,136335
-1021,136335
-1021,136335
-1016,684244
-981,0637413
-981,0637413
-981,0637413
-976,6107057
-949,8902856
-949,8902856
-949,8902856
-949,8902856
-923,1660825
-923,1660825
-923,1660825
-918,7116807
-891,983063
-891,983063
-891,983063
-891,983063
-865,2506605
-865,2506605
-865,2506605
-865,2506605
-842,9707667
-842,9707667
-842,9707667
-842,9707667
-816,2314233
-816,2314233
-816,2314233
-816,2314233
-811,7744979
-811,7744979
-811,7744979
-807,3174673
-793,9457443
-793,9457443
-793,9457443
-793,9457443
-785,0307362
-785,0307362
-785,0307362
-785,0307362
-771,6574349
-771,6574349
-771,6574349
-771,6574349
-771,6574349
-771,6574349
-771,6574349
-771,6574349
-776,1153073
-776,1153073
-776,1153073
-776,1153073
-776,1153073
-776,1153073
-776,1153073
-776,1153073
-785,0307362
-785,0307362
-785,0307362
-785,0307362
-789,4882929
-789,4882929
-789,4882929
-789,4882929
-793,9457443
-793,9457443
-793,9457443
-793,9457443
-807,3174673
-807,3174673
-807,3174673
-807,3174673
-802,8603315
-802,8603315
-802,8603315
-802,8603315
-798,4030905
-798,4030905
-798,4030905
-798,4030905
-798,4030905
-798,4030905
-798,4030905
-798,4030905
-798,4030905
-798,4030905
-798,4030905
-798,4030905
-798,4030905
-798,4030905
-798,4030905
-798,4030905
-793,9457443
-793,9457443
-793,9457443
-793,9457443
-793,9457443
-793,9457443
-793,9457443
-793,9457443
-789,4882929
-789,4882929
-789,4882929
-789,4882929
-793,9457443
-793,9457443
-793,9457443
-789,4882929
-771,6574349
-771,6574349
-771,6574349
-771,6574349
-771,6574349
-771,6574349
-771,6574349
-771,6574349
-771,6574349
-771,6574349
-771,6574349
-771,6574349
-776,1153073
-776,1153073
-776,1153073
-776,1153073
-762,7413746
-762,7413746
-762,7413746
-762,7413746
-753,8248933
-753,8248933
-753,8248933
-753,8248933
-740,4493819
-740,4493819
-740,4493819
-740,4493819
-731,5318481
-731,5318481
-731,5318481
-731,5318481
-718,1547578
-718,1547578
-718,1547578
-718,1547578
-713,6955171
-713,6955171
-713,6955171
-713,6955171
-695,8575016
-695,8575016
-695,8575016
-695,8575016
-700,3171634
-700,3171634
-700,3171634
-700,3171634
-682,4778844
-682,4778844
-682,4778844
-682,4778844
-758,2831865
-758,2831865
-758,2831865
-758,2831865
-758,2831865
-758,2831865
-758,2831865
-758,2831865
-771,6574349
-771,6574349
-771,6574349
-771,6574349
-758,2831865
-758,2831865
-758,2831865
-758,2831865
-762,7413746
-762,7413746
-762,7413746
-762,7413746
-749,3664947
-749,3664947
-749,3664947
-749,3664947
-744,907991
-744,907991
-744,907991
-744,907991
-735,9906676
-735,9906676
-735,9906676
-735,9906676
-740,4493819
-740,4493819
-740,4493819
-740,4493819
-731,5318481
-731,5318481
-731,5318481
-731,5318481
-731,5318481
-731,5318481
-731,5318481
-731,5318481
-731,5318481
-731,5318481
-731,5318481
-731,5318481
-758,2831865
-758,2831865
-758,2831865
-758,2831865
-771,6574349
-771,6574349
-771,6574349
-771,6574349
-793,9457443
-793,9457443
-793,9457443
-793,9457443
-811,7744979
-811,7744979
-811,7744979
-816,2314233
-842,9707667
-842,9707667
-842,9707667
-847,4269558
-865,2506605
-865,2506605
-865,2506605
-869,7063238
-900,8930227
-900,8930227
-900,8930227
-900,8930227
-936,528657
-936,528657
-936,528657
-940,9826383
-985,5166719
-985,5166719
-985,5166719
-985,5166719
-1025,58832
-1025,58832
-1025,58832
-1025,58832
-1065,651461
-1065,651461
-1065,651461
-1070,102396
-1119,055755
-1119,055755
-1119,055755
-1123,50543
-1176,893353
-1176,893353
-1176,893353
-1181,341665
-1225,819013
-1225,819013
-1225,819013
-1230,266171
-1283,62389
-1283,62389
-1283,62389
-1283,62389
-1336,966518
-1336,966518
-1336,966518
-1336,966518
-1408,066555
-1408,066555
-1408,066555
-1412,509418
-1461,373993
-1461,373993
-1461,373993
-1465,815599
-1523,546956
-1523,546956
-1523,546956
-1527,987097
-1581,260634
-1581,260634
-1581,260634
-1585,699416
-1647,831383
-1647,831383
-1647,831383
-1647,831383
-1705,507013
-1705,507013
-1705,507013
-1709,942868
-1758,730387
-1758,730387
-1758,730387
-1763,164989
-1803,071713
-1803,071713
-1803,071713
-1807,505272
-1851,835117
-1851,835117
-1851,835117
-1851,835117
-1891,723057
-1891,723057
-1891,723057
-1896,154529
-1931,602549
-1931,602549
-1931,602549
-1931,602549
-1962,614093
-1962,614093
-1962,614093
-1962,614093
-2002,478572
-2002,478572
-2002,478572
-2006,907438
-2037,906579
-2037,906579
-2037,906579
-2037,906579
-2073,327918
-2073,327918
-2073,327918
-2077,755117
-2122,021376
-2122,021376
-2122,021376
-2122,021376
-2144,150602
-2144,150602
-2144,150602
-2144,150602
-2161,852108
-2161,852108
-2161,852108
-2161,852108
-2175,127145
-2175,127145
-2175,127145
-2179,55195
-2206,09859
-2206,09859
-2206,09859
-2206,09859
-2232,641485
-2232,641485
-2232,641485
-2232,641485
-2228,217929
-2228,217929
-2228,217929
-2228,217929
-2232,641485
-2232,641485
-2232,641485
-2232,641485
-2237,064937
-2237,064937
-2237,064937
-2237,064937
-2241,488285
-2241,488285
-2241,488285
-2241,488285
-2228,217929
-2228,217929
-2228,217929
-2228,217929
-2214,946638
-2214,946638
-2214,946638
-2210,522666
-2192,825738
-2192,825738
-2192,825738
-2188,401246
-2175,127145
-2175,127145
-2175,127145
-2170,702237
-2144,150602
-2144,150602
-2144,150602
-2139,724965
-2113,168957
-2113,168957
-2113,168957
-2108,742592
-2077,755117
-2077,755117
-2077,755117
-2073,327918
-2046,762539
-2046,762539
-2046,762539
-2042,334611
-1993,620529
-1993,620529
-1993,620529
-1993,620529
-1953,754173
-1953,754173
-1953,754173
-1953,754173
-1905,01716
-1905,01716
-1905,01716
-1900,585897
-1860,699834
-1860,699834
-1860,699834
-1856,267528
-1807,505272
-1807,505272
-1807,505272
-1803,071713
-1763,164989
-1763,164989
-1763,164989
-1763,164989
-1709,942868
-1709,942868
-1709,942868
-1709,942868
-1656,705707
-1656,705707
-1656,705707
-1652,268597
-1612,329911
-1612,329911
-1612,329911
-1612,329911
-1572,382757
-1572,382757
-1572,382757
-1567,943662
-1519,10671
-1519,10671
-1519,10671
-1519,10671
-1474,698497
-1474,698497
-1474,698497
-1470,2571
-1443,606522
-1443,606522
-1443,606522
-1439,164392
-1399,180517
-1399,180517
-1399,180517
-1399,180517
-1390,294059
-1390,294059
-1390,294059
-1385,850674
-1354,744041
-1354,744041
-1354,744041
-1350,299817
-1341,411056
-1341,411056
-1341,411056
-1336,966518
-1323,632275
-1323,632275
-1323,632275
-1323,632275
-1314,742257
-1314,742257
-1314,742257
-1314,742257
-1305,851819
-1305,851819
-1305,851819
-1305,851819
-1314,742257
-1314,742257
-1314,742257
-1314,742257
-1310,29709
-1310,29709
-1310,29709
-1310,29709
-1332,521875
-1332,521875
-1332,521875
-1332,521875
-1332,521875
-1332,521875
-1332,521875
-1332,521875
-1345,855489
-1345,855489
-1345,855489
-1345,855489
-1354,744041
-1354,744041
-1354,744041
-1354,744041
-1368,076083
-1368,076083
-1368,076083
-1368,076083
-1372,519888
-1372,519888
-1372,519888
-1372,519888
-1390,294059
-1390,294059
-1390,294059
-1390,294059
-1385,850674
-1385,850674
-1385,850674
-1385,850674
-1394,737341
-1394,737341
-1394,737341
-1394,737341
-1390,294059
-1390,294059
-1390,294059
-1390,294059
-1394,737341
-1394,737341
-1394,737341
-1394,737341
-1399,180517
-1399,180517
-1399,180517
-1399,180517
-1403,623588
-1403,623588
-1403,623588
-1403,623588
-1390,294059
-1390,294059
-1390,294059
-1390,294059
-1394,737341
-1394,737341
-1394,737341
-1394,737341
-1381,407183
-1381,407183
-1381,407183
-1381,407183
-1381,407183
-1381,407183
-1381,407183
-1376,963588
-1363,632174
-1363,632174
-1363,632174
-1363,632174
-1341,411056
-1341,411056
-1341,411056
-1341,411056
-1336,966518
-1336,966518
-1336,966518
-1336,966518
-1310,29709
-1310,29709
-1310,29709
-1310,29709
-1292,515376
-1292,515376
-1292,515376
-1292,515376
-1261,393342
-1261,393342
-1261,393342
-1261,393342
-1239,160173
-1239,160173
-1239,160173
-1239,160173
-1203,58165
-1203,58165
-1203,58165
-1203,58165
-1194,68597
-1194,68597
-1194,68597
-1194,68597
-1150,20128
-1150,20128
-1150,20128
-1150,20128
-1136,853827
-1136,853827
-1136,853827
-1136,853827
-1105,706098
-1105,706098
-1105,706098
-1105,706098
-1079,003952
-1079,003952
-1079,003952
-1079,003952
-1038,943645
-1038,943645
-1038,943645
-1038,943645
-1030,0402
-1030,0402
-1030,0402
-1025,58832
-994,4222178
-994,4222178
-994,4222178
-994,4222178
-963,2509685
-963,2509685
-963,2509685
-958,7975126
-909,802562
-909,802562
-909,802562
-909,802562
-883,0726827
-883,0726827
-883,0726827
-878,6173349
-834,058073
-834,058073
-834,058073
-829,6015683
-798,4030905
-798,4030905
-798,4030905
-793,9457443
-749,3664947
-749,3664947
-749,3664947
-749,3664947
-709,2361712
-709,2361712
-709,2361712
-704,77672
-655,7158066
-655,7158066
-655,7158066
-655,7158066
-611,1039168
-611,1039168
-611,1039168
-611,1039168
-562,0186678
-562,0186678
-562,0186678
-557,5557401
-521,848523
-521,848523
-521,848523
-517,3846464
-463,8099016
-463,8099016
-463,8099016
-459,3446539
-405,7534521
-405,7534521
-405,7534521
-401,2868327
-361,0825083
-361,0825083
-361,0825083
-361,0825083
-320,869632
-320,869632
-320,869632
-316,4010067
-267,2391563
-267,2391563
-267,2391563
-262,7692634
-222,5354714
-222,5354714
-222,5354714
-218,0645217
-177,8212172
-177,8212172
-177,8212172
-173,3492103
-128,6233255
-128,6233255
-128,6233255
-124,1501553
-79,41263542
-79,41263542
-79,41263542
-79,41263542
-30,18914195
-30,18914195
-30,18914195
-30,18914195
10,0941521
10,0941521
10,0941521
14,57060306
50,3860231
50,3860231
50,3860231
54,86342722
99,64329491
99,64329491
99,64329491
99,64329491
139,9542356
139,9542356
139,9542356
144,4337589
180,2737621
180,2737621
180,2737621
180,2737621
220,6018771
220,6018771
220,6018771
220,6018771
256,4563027
256,4563027
256,4563027
256,4563027
296,8006479
296,8006479
296,8006479
296,8006479
337,1535896
337,1535896
337,1535896
341,6377806
373,0300901
373,0300901
373,0300901
373,0300901
404,4276031
404,4276031
404,4276031
408,913387
449,2902221
449,2902221
449,2902221
449,2902221
485,1879677
485,1879677
485,1879677
485,1879677
521,0925156
521,0925156
521,0925156
521,0925156
557,0038679
557,0038679
557,0038679
557,0038679
592,9220264
592,9220264
592,9220264
592,9220264
628,8469932
628,8469932
628,8469932
628,8469932
660,2869254
660,2869254
660,2869254
660,2869254
696,2246628
696,2246628
696,2246628
700,717359
732,1692139
732,1692139
732,1692139
732,1692139
763,626287
763,626287
763,626287
763,626287
795,0885798
795,0885798
795,0885798
799,5836192
826,5560934
826,5560934
826,5560934
831,0518787
871,5187434
871,5187434
871,5187434
876,0155948
902,9989417
902,9989417
902,9989417
907,4965394
947,9797182
947,9797182
947,9797182
947,9797182
979,4726089
979,4726089
979,4726089
979,4726089
1006,470677
1006,470677
1006,470677
1006,470677
1037,973278
1037,973278
1037,973278
1037,973278
1060,478339
1060,478339
1060,478339
1064,979672
1087,487936
1087,487936
1087,487936
1087,487936
1114,501377
1114,501377
1114,501377
1119,003991
1141,518664
1141,518664
1141,518664
1141,518664
1168,539797
1168,539797
1168,539797
1168,539797
1195,564777
1195,564777
1195,564777
1195,564777
1213,583568
1213,583568
1213,583568
1218,088533
1240,614961
1240,614961
1240,614961
1240,614961
1263,144063
1263,144063
1263,144063
1263,144063
1276,662807
1276,662807
1276,662807
1276,662807
1299,196187
1299,196187
1299,196187
1303,703184
1326,239773
1326,239773
1326,239773
1326,239773
1348,779037
1348,779037
1348,779037
1348,779037
1366,812374
1366,812374
1366,812374
1366,812374
1389,356454
1389,356454
1389,356454
1389,356454
1411,903211
1411,903211
1411,903211
1411,903211
1434,452644
1434,452644
1434,452644
1434,452644
1447,983588
1447,983588
1447,983588
1447,983588
1466,026348
1466,026348
1466,026348
1466,026348
1475,04837
1475,04837
1475,04837
1475,04837
1488,582207
1488,582207
1488,582207
1493,0937
1502,117008
1502,117008
1502,117008
1506,628822
1515,652773
1515,652773
1515,652773
1515,652773
1533,70196
1533,70196
1533,70196
1533,70196
1547,239976
1547,239976
1547,239976
1547,239976
1556,265856
1556,265856
1556,265856
1556,265856
1569,805479
1569,805479
1569,805479
1569,805479
1574,318902
1574,318902
1574,318902
1578,832431
1592,373663
1592,373663
1592,373663
1592,373663
1596,887621
1596,887621
1596,887621
1596,887621
1610,430139
1610,430139
1610,430139
1610,430139
1614,944527
1614,944527
1614,944527
1614,944527
1623,973623
1623,973623
1623,973623
1623,973623
1628,488332
1628,488332
1628,488332
1628,488332
1642,033102
1642,033102
1642,033102
1642,033102
1646,548241
1646,548241
1646,548241
1646,548241
1655,578838
1655,578838
1655,578838
1655,578838
1664,609865
1664,609865
1664,609865
1664,609865
1678,15721
1678,15721
1678,15721
1678,15721
1691,705521
1691,705521
1691,705521
1691,705521
1705,254798
1705,254798
1705,254798
1705,254798
1718,80504
1718,80504
1718,80504
1723,322002
1736,873532
1736,873532
1736,873532
1741,390924
1754,943742
1754,943742
1754,943742
1754,943742
1768,497527
1768,497527
1768,497527
1768,497527
1786,570743
1786,570743
1786,570743
1786,570743
1804,645677
1804,645677
1804,645677
1804,645677
1822,72233
1822,72233
1822,72233
1822,72233
1840,800702
1840,800702
1840,800702
1840,800702
1863,401083
1863,401083
1863,401083
1867,921482
1895,04613
1895,04613
1895,04613
1895,04613
1890,525087
1890,525087
1890,525087
1890,525087
1931,218347
1931,218347
1931,218347
1931,218347
1944,784702
1944,784702
1944,784702
1944,784702
1971,920316
1971,920316
1971,920316
1971,920316
1994,536284
1994,536284
1994,536284
1994,536284
2021,678996
2021,678996
2021,678996
2026,203158
2062,400327
2062,400327
2062,400327
2062,400327
2089,552723
2089,552723
2089,552723
2089,552723
2130,288583
2130,288583
2130,288583
2130,288583
2166,505559
2166,505559
2166,505559
2171,033166
2202,729428
2202,729428
2202,729428
2207,257897
2225,372848
2225,372848
2225,372848
2225,372848
2257,078161
2257,078161
2257,078161
2261,607923
2284,258348
2284,258348
2284,258348
2284,258348
2311,442415
2311,442415
2311,442415
2311,442415
2343,162067
2343,162067
2343,162067
2347,693878
2361,289956
2361,289956
2361,289956
2361,289956
2411,150548
2411,150548
2411,150548
2411,150548
2420,217513
2420,217513
2420,217513
2424,751158
2461,024199
2461,024199
2461,024199
2461,024199
2483,698358
2483,698358
2483,698358
2483,698358
2515,446717
2515,446717
2515,446717
2515,446717
2542,663807
2542,663807
2542,663807
2542,663807
2569,884787
2569,884787
2569,884787
2574,421995
2606,185477
2606,185477
2606,185477
2606,185477
2628,876921
2628,876921
2628,876921
2628,876921
2660,649483
2660,649483
2660,649483
2660,649483
2687,887325
2687,887325
2687,887325
2687,887325
2724,210504
2724,210504
2724,210504
2724,210504
2742,37469
2742,37469
2742,37469
2742,37469
2774,16618
2774,16618
2774,16618
2774,16618
2796,877634
2796,877634
2796,877634
2801,42025
2824,134952
2824,134952
2824,134952
2828,678217
2851,396167
2851,396167
2851,396167
2851,396167
2878,66128
2878,66128
2878,66128
2878,66128
2901,385186
2901,385186
2901,385186
2901,385186
2928,657449
2928,657449
2928,657449
2928,657449
2965,026534
2965,026534
2965,026534
2965,026534
2992,3079
2992,3079
2992,3079
2992,3079
3024,141094
3024,141094
3024,141094
3024,141094
3055,9796
3055,9796
3055,9796
3055,9796
3083,273979
3083,273979
3083,273979
3083,273979
3106,022278
3106,022278
3106,022278
3106,022278
3133,323817
3133,323817
3133,323817
3133,323817
3156,078085
3156,078085
3156,078085
3156,078085
3178,835066
3178,835066
3178,835066
3183,386788
3210,6994
3210,6994
3210,6994
3210,6994
3233,462896
3233,462896
3233,462896
3233,462896
3260,782676
3260,782676
3260,782676
3265,336353
3283,552147
3283,552147
3283,552147
3288,106367
3310,879098
3310,879098
3310,879098
3310,879098
3333,654545
3333,654545
3333,654545
3338,209961
3360,98867
3360,98867
3360,98867
3360,98867
3379,213594
3379,213594
3379,213594
3383,770097
3397,440258
3397,440258
3397,440258
3397,440258
3415,668662
3415,668662
3415,668662
3415,668662
3433,898807
3433,898807
3433,898807
3433,898807
3461,247287
3461,247287
3461,247287
3461,247287
3484,04068
3484,04068
3484,04068
3484,04068
3502,277353
3502,277353
3502,277353
3506,836793
3529,635628
3529,635628
3529,635628
3529,635628
3547,876655
3547,876655
3547,876655
3547,876655
3570,680389
3570,680389
3570,680389
3570,680389
3588,925337
3588,925337
3588,925337
3588,925337
3602,610191
3602,610191
3602,610191
3607,172027
3620,858189
3620,858189
3620,858189
3620,858189
3629,982841
3629,982841
3629,982841
3629,982841
3657,359414
3657,359414
3657,359414
3657,359414
3671,049171
3671,049171
3671,049171
3671,049171
3698,431629
3698,431629
3698,431629
3698,431629
3693,867613
3693,867613
3693,867613
3693,867613
3730,382789
3730,382789
3730,382789
3730,382789
3734,947677
3734,947677
3734,947677
3734,947677
3753,208318
3753,208318
3753,208318
3753,208318
3762,339293
3762,339293
3762,339293
3762,339293
3776,036574
3776,036574
3776,036574
3780,602552
3794,301141
3794,301141
3794,301141
3794,301141
3794,301141
3794,301141
3794,301141
3798,867556
3808,000712
3808,000712
3808,000712
3812,567454
3821,701266
3821,701266
3821,701266
3821,701266
3830,835513
3830,835513
3830,835513
3830,835513
3839,970198
3839,970198
3839,970198
3839,970198
3839,970198
3839,970198
3839,970198
3839,970198
3853,673043
3853,673043
3853,673043
3853,673043
3853,673043
3853,673043
3853,673043
3853,673043
3867,37687
3867,37687
3867,37687
3867,37687
3871,945031
3871,945031
3871,945031
3871,945031
3881,08168
3881,08168
3881,08168
3881,08168
3894,787472
3894,787472
3894,787472
3899,356288
3908,494247
3908,494247
3908,494247
3908,494247
3922,202004
3922,202004
3922,202004
3922,202004
3926,771475
3926,771475
3926,771475
3926,771475
3945,050451
3945,050451
3945,050451
3945,050451
3963,331175
3963,331175
3963,331175
3963,331175
3981,613646
3981,613646
3981,613646
3981,613646
3986,184537
3986,184537
3986,184537
3990,755537
3999,897865
3999,897865
3999,897865
3999,897865
4013,612177
4013,612177
4013,612177
4013,612177
4041,043752
4041,043752
4041,043752
4041,043752
4082,198492
4082,198492
4082,198492
4082,198492
4100,492331
4100,492331
4100,492331
4105,066064
4132,510759
4132,510759
4132,510759
4132,510759
4150,80941
4150,80941
4150,80941
4150,80941
4178,260668
4178,260668
4178,260668
4178,260668
4196,563696
4196,563696
4196,563696
4196,563696
4224,02152
4224,02152
4224,02152
4228,598207
4251,483285
4251,483285
4251,483285
4251,483285
4283,526993
4283,526993
4283,526993
4283,526993
4320,154945
4320,154945
4320,154945
4324,733932
4347,630509
4347,630509
4347,630509
4347,630509
4375,110018
4375,110018
4375,110018
4379,69032
4402,593473
4402,593473
4402,593473
4402,593473
4434,66249
4434,66249
4434,66249
4434,66249
4462,154496
4462,154496
4462,154496
4462,154496
4494,233493
4494,233493
4494,233493
4494,233493
4517,150352
4517,150352
4517,150352
4517,150352
4544,654205
4544,654205
4544,654205
4544,654205
4567,5771
4567,5771
4567,5771
4567,5771
4590,502739
4590,502739
4590,502739
4590,502739
4618,017128
4618,017128
4618,017128
4618,017128
4631,775805
4631,775805
4631,775805
4636,36225
4663,883228
4663,883228
4663,883228
4663,883228
4663,883228
4663,883228
4663,883228
4668,470442
4695,996034
4695,996034
4695,996034
4695,996034
4718,937048
4718,937048
4718,937048
4718,937048
4741,88081
4741,88081
4741,88081
4746,469892
4774,006692
4774,006692
4774,006692
4778,596544
4806,137962
4806,137962
4806,137962
4810,728583
4842,86601
4842,86601
4842,86601
4847,457511
4870,416667
4870,416667
4870,416667
4870,416667
4897,971284
4897,971284
4897,971284
4897,971284
4911,750078
4911,750078
4911,750078
4916,343229
4939,310638
4939,310638
4939,310638
4939,310638
4962,280798
4962,280798
4962,280798
4962,280798
4980,658908
4980,658908
4980,658908
4980,658908
5003,634023
5003,634023
5003,634023
5003,634023
5022,016097
5022,016097
5022,016097
5022,016097
5040,399934
5040,399934
5040,399934
5040,399934
5058,785534
5058,785534
5058,785534
5058,785534
5077,172896
5077,172896
5077,172896
5077,172896
5081,770012
5081,770012
5081,770012
5086,367239
5095,562022
5095,562022
5095,562022
5100,159579
5109,355023
5109,355023
5109,355023
5109,355023
5123,149017
5123,149017
5123,149017
5123,149017
5132,345564
5132,345564
5132,345564
5132,345564
5132,345564
5132,345564
5132,345564
5132,345564
5136,944002
5136,944002
5136,944002
5136,944002
5132,345564
5132,345564
5132,345564
5132,345564
5127,747235
5127,747235
5127,747235
5127,747235
5127,747235
5127,747235
5127,747235
5127,747235
5118,550909
5118,550909
5118,550909
5118,550909
5104,757246
5104,757246
5104,757246
5104,757246
5090,964575
5090,964575
5090,964575
5090,964575
5086,367239
5086,367239
5086,367239
5086,367239
5077,172896
5077,172896
5077,172896
5077,172896
5081,770012
5081,770012
5081,770012
5081,770012
5072,57589
5072,57589
5072,57589
5072,57589
5077,172896
5077,172896
5077,172896
5077,172896
5072,57589
5072,57589
5072,57589
5072,57589
5067,978995
5067,978995
5067,978995
5067,978995
5054,188969
5054,188969
5054,188969
5049,592514
5044,996169
5044,996169
5044,996169
5044,996169
5035,80381
5035,80381
5035,80381
5035,80381
5026,611891
5026,611891
5026,611891
5026,611891
5012,82484
5012,82484
5012,82484
5012,82484
5003,634023
5003,634023
5003,634023
5003,634023
4989,848623
4989,848623
4989,848623
4989,848623
4985,253711
4985,253711
4985,253711
4985,253711
4976,064215
4976,064215
4976,064215
4976,064215
4962,280798
4962,280798
4962,280798
4962,280798
4953,092403
4953,092403
4953,092403
4953,092403
4943,904449
4943,904449
4943,904449
4943,904449
4939,310638
4939,310638
4939,310638
4939,310638
4934,716936
4934,716936
4934,716936
4934,716936
4920,936491
4920,936491
4920,936491
4920,936491
4907,157036
4907,157036
4907,157036
4907,157036
4897,971284
4897,971284
4897,971284
4897,971284
4902,564105
4902,564105
4902,564105
4902,564105
4897,971284
4897,971284
4897,971284
4897,971284
4893,378573
4893,378573
4893,378573
4893,378573
4888,785971
4888,785971
4888,785971
4888,785971
4875,008828
4875,008828
4875,008828
4875,008828
4861,232675
4861,232675
4861,232675
4861,232675
4852,049123
4852,049123
4852,049123
4852,049123
4847,457511
4847,457511
4847,457511
4847,457511
4847,457511
4847,457511
4847,457511
4847,457511
4847,457511
4847,457511
4847,457511
4847,457511
4842,86601
4842,86601
4842,86601
4838,274619
4829,092167
4829,092167
4829,092167
4829,092167
4819,910155
4819,910155
4819,910155
4819,910155
4806,137962
4806,137962
4806,137962
4806,137962
4801,54745
4801,54745
4801,54745
4801,54745
4783,186505
4783,186505
4783,186505
4783,186505
4769,416951
4769,416951
4769,416951
4769,416951
4755,648386
4755,648386
4755,648386
4755,648386
4755,648386
4755,648386
4755,648386
4751,059084
4728,114223
4728,114223
4728,114223
4728,114223
4728,114223
4728,114223
4728,114223
4728,114223
4714,348626
4714,348626
4714,348626
4714,348626
4709,760313
4709,760313
4709,760313
4709,760313
4695,996034
4695,996034
4695,996034
4695,996034
4691,408161
4691,408161
4691,408161
4691,408161
4686,820397
4686,820397
4686,820397
4686,820397
4686,820397
4686,820397
4686,820397
4686,820397
4677,6452
4677,6452
4677,6452
4677,6452
4686,820397
4686,820397
4686,820397
4682,232744
4682,232744
4682,232744
4682,232744
4682,232744
4677,6452
4677,6452
4677,6452
4677,6452
4682,232744
4682,232744
4682,232744
4682,232744
4686,820397
4686,820397
4686,820397
4686,820397
4695,996034
4695,996034
4695,996034
4695,996034
4705,17211
4705,17211
4705,17211
4705,17211
4714,348626
4714,348626
4714,348626
4718,937048
4728,114223
4728,114223
4728,114223
4728,114223
4737,291838
4737,291838
4737,291838
4737,291838
4737,291838
4737,291838
4737,291838
4737,291838
4741,88081
4741,88081
4741,88081
4741,88081
4746,469892
4746,469892
4746,469892
4746,469892
4751,059084
4751,059084
4751,059084
4751,059084
4751,059084
4751,059084
4751,059084
4751,059084
4755,648386
4755,648386
4755,648386
4755,648386
4755,648386
4755,648386
4755,648386
4755,648386
4751,059084
4751,059084
4751,059084
4751,059084
4741,88081
4741,88081
4741,88081
4741,88081
4741,88081
4741,88081
4741,88081
4741,88081
4728,114223
4728,114223
4728,114223
4728,114223
4709,760313
4709,760313
4709,760313
4709,760313
4695,996034
4695,996034
4695,996034
4691,408161
4677,6452
4677,6452
4677,6452
4673,057766
4654,70913
4654,70913
4654,70913
4654,70913
4631,775805
4631,775805
4631,775805
4631,775805
4608,845226
4608,845226
4608,845226
4608,845226
4595,088196
4595,088196
4595,088196
4595,088196
4576,747026
4576,747026
4576,747026
4576,747026
4558,407613
4558,407613
4558,407613
4558,407613
4544,654205
4544,654205
4544,654205
4544,654205
4540,069955
4540,069955
4540,069955
4535,485815
4521,734053
4521,734053
4521,734053
4521,734053
4507,983279
4507,983279
4507,983279
4507,983279
4494,233493
4494,233493
4494,233493
4494,233493
4489,65045
4489,65045
4489,65045
4489,65045
4498,816645
4498,816645
4498,816645
4498,816645
4498,816645
4498,816645
4498,816645
4498,816645
4494,233493
4494,233493
4494,233493
4494,233493
4503,399907
4503,399907
4503,399907
4503,399907
4512,566761
4512,566761
4512,566761
4512,566761
4512,566761
4512,566761
4512,566761
4512,566761
4517,150352
4517,150352
4517,150352
4517,150352
4535,485815
4535,485815
4535,485815
4535,485815
4535,485815
4535,485815
4535,485815
4535,485815
4544,654205
4544,654205
4544,654205
4544,654205
4558,407613
4558,407613
4558,407613
4558,407613
4576,747026
4576,747026
4576,747026
4576,747026
4585,917391
4585,917391
4585,917391
4585,917391
4599,673763
4599,673763
4599,673763
4599,673763
4608,845226
4608,845226
4608,845226
4608,845226
4631,775805
4631,775805
4631,775805
4631,775805
4650,122245
4650,122245
4650,122245
4650,122245
4673,057766
4673,057766
4673,057766
4673,057766
4686,820397
4686,820397
4686,820397
4686,820397
4709,760313
4709,760313
4709,760313
4709,760313
4732,702975
4732,702975
4732,702975
4737,291838
4764,827319
4764,827319
4764,827319
4769,416951
4783,186505
4783,186505
4783,186505
4787,776577
4810,728583
4810,728583
4810,728583
4810,728583
4833,683338
4833,683338
4833,683338
4838,274619
4861,232675
4861,232675
4861,232675
4861,232675
4879,601099
4879,601099
4879,601099
4879,601099
4902,564105
4902,564105
4902,564105
4902,564105
4930,123344
4930,123344
4930,123344
4930,123344
4957,686546
4957,686546
4957,686546
4957,686546
4989,848623
4989,848623
4989,848623
4989,848623
5012,82484
5012,82484
5012,82484
5012,82484
5035,80381
5035,80381
5035,80381
5035,80381
5049,592514
5049,592514
5049,592514
5054,188969
5072,57589
5072,57589
5072,57589
5072,57589
5081,770012
5081,770012
5081,770012
5081,770012
5100,159579
5100,159579
5100,159579
5100,159579
5109,355023
5109,355023
5109,355023
5109,355023
5118,550909
5118,550909
5118,550909
5118,550909
5127,747235
5127,747235
5127,747235
5127,747235
5136,944002
5136,944002
5136,944002
5136,944002
5136,944002
5136,944002
5136,944002
5141,542551
5150,73998
5150,73998
5150,73998
5150,73998
5150,73998
5150,73998
5150,73998
5150,73998
5155,33886
5155,33886
5155,33886
5155,33886
5159,93785
5159,93785
5159,93785
5164,536951
5164,536951
5164,536951
5164,536951
5164,536951
5173,735482
5173,735482
5173,735482
5173,735482
5182,934455
5182,934455
5182,934455
5182,934455
5192,133869
5192,133869
5192,133869
5192,133869
5196,733741
5196,733741
5196,733741
5196,733741
5205,933817
5205,933817
5205,933817
5205,933817
5205,933817
5205,933817
5205,933817
5205,933817
5219,734757
5219,734757
5219,734757
5219,734757
5228,935936
5228,935936
5228,935936
5233,536691
5247,339618
5247,339618
5247,339618
5247,339618
5247,339618
5247,339618
5247,339618
5247,339618
5256,54212
5256,54212
5256,54212
5256,54212
5265,745065
5265,745065
5265,745065
5270,346702
5284,152277
5284,152277
5284,152277
5284,152277
5302,561256
5302,561256
5302,561256
5302,561256
5316,369149
5316,369149
5316,369149
5316,369149
5307,163777
5307,163777
5307,163777
5307,163777
5311,766408
5311,766408
5311,766408
5311,766408
5316,369149
5316,369149
5316,369149
5316,369149
5316,369149
5316,369149
5316,369149
5316,369149
5316,369149
5316,369149
5316,369149
5316,369149
5320,972001
5320,972001
5320,972001
5320,972001
5320,972001
5320,972001
5320,972001
5320,972001
5316,369149
5316,369149
5316,369149
5316,369149
5316,369149
5316,369149
5316,369149
5316,369149
5316,369149
5316,369149
5316,369149
5316,369149
5307,163777
5307,163777
5307,163777
5307,163777
5302,561256
5302,561256
5302,561256
5302,561256
5293,356546
5293,356546
5293,356546
5293,356546
5284,152277
5284,152277
5284,152277
5284,152277
5274,94845
5274,94845
5274,94845
5270,346702
5251,940814
5251,940814
5251,940814
5251,940814
5247,339618
5247,339618
5247,339618
5242,738532
5228,935936
5228,935936
5228,935936
5228,935936
5205,933817
5205,933817
5205,933817
5205,933817
5192,133869
5192,133869
5192,133869
5192,133869
5178,334913
5178,334913
5178,334913
5173,735482
5155,33886
5155,33886
5155,33886
5155,33886
5141,542551
5141,542551
5141,542551
5136,944002
5109,355023
5109,355023
5109,355023
5104,757246
5100,159579
5100,159579
5100,159579
5095,562022
5072,57589
5072,57589
5072,57589
5072,57589
5058,785534
5058,785534
5058,785534
5058,785534
5044,996169
5044,996169
5044,996169
5044,996169
5031,207795
5031,207795
5031,207795
5031,207795
5012,82484
5012,82484
5012,82484
5008,229376
4985,253711
4985,253711
4985,253711
4985,253711
4980,658908
4980,658908
4980,658908
4980,658908
4966,87516
4966,87516
4966,87516
4966,87516
4966,87516
4966,87516
4966,87516
4962,280798
4953,092403
4953,092403
4953,092403
4953,092403
4953,092403
4953,092403
4953,092403
4953,092403
4939,310638
4939,310638
4939,310638
4939,310638
4943,904449
4943,904449
4943,904449
4943,904449
4943,904449
4943,904449
4943,904449
4948,498371
4948,498371
4948,498371
4948,498371
4948,498371
4948,498371
4948,498371
4948,498371
4953,092403
4966,87516
4966,87516
4966,87516
4966,87516
4976,064215
4976,064215
4976,064215
4976,064215
4994,443646
4994,443646
4994,443646
4994,443646
5008,229376
5008,229376
5008,229376
5012,82484
5035,80381
5035,80381
5035,80381
5040,399934
5063,382209
5063,382209
5063,382209
5063,382209
5090,964575
5090,964575
5090,964575
5090,964575
5118,550909
5118,550909
5118,550909
5118,550909
5150,73998
5150,73998
5150,73998
5155,33886
5182,934455
5182,934455
5182,934455
5187,534107
5205,933817
5205,933817
5205,933817
5210,53402
5238,137556
5238,137556
5238,137556
5238,137556
5279,550309
5279,550309
5279,550309
5279,550309
5311,766408
5311,766408
5311,766408
5311,766408
5339,384513
5339,384513
5339,384513
5343,987917
5380,819124
5380,819124
5380,819124
5385,423522
5408,447169
5408,447169
5408,447169
5413,05223
5445,29075
5445,29075
5445,29075
5449,896694
5491,355172
5491,355172
5491,355172
5491,355172
5537,430649
5537,430649
5537,430649
5542,038805
5574,298994
5574,298994
5574,298994
5574,298994
5606,564604
5606,564604
5606,564604
5611,174419
5643,446226
5643,446226
5643,446226
5648,056926
5684,946518
5684,946518
5684,946518
5684,946518
5717,230723
5717,230723
5717,230723
5721,843195
5749,520355
5749,520355
5749,520355
5754,133603
5781,815416
5781,815416
5781,815416
5786,429439
5823,345614
5823,345614
5823,345614
5823,345614
5855,653087
5855,653087
5855,653087
5855,653087
5892,582565
5892,582565
5892,582565
5892,582565
5920,284332
5920,284332
5920,284332
5920,284332
5947,990092
5947,990092
5947,990092
5947,990092
5984,937318
5984,937318
5984,937318
5984,937318
6017,271968
6017,271968
6017,271968
6017,271968
6035,751353
6035,751353
6035,751353
6040,371477
6072,715452
6072,715452
6072,715452
6072,715452
6100,443191
6100,443191
6100,443191
6105,064869
6137,41973
6137,41973
6137,41973
6137,41973
6165,156801
6165,156801
6165,156801
6165,156801
6192,897873
6192,897873
6192,897873
6192,897873
6220,642947
6220,642947
6220,642947
6225,267515
6248,392024
6248,392024
6248,392024
6253,017259
6276,145104
6276,145104
6276,145104
6280,771007
6303,902189
6303,902189
6303,902189
6303,902189
6331,663279
6331,663279
6331,663279
6331,663279
6364,05628
6364,05628
6364,05628
6364,05628
6391,826052
6391,826052
6391,826052
6391,826052
6424,229184
6424,229184
6424,229184
6428,858648
6456,637773
6456,637773
6456,637773
6456,637773
6493,682844
6493,682844
6493,682844
6493,682844
6512,208054
6512,208054
6512,208054
6512,208054
6535,367073
6535,367073
6535,367073
6535,367073
6563,161575
6563,161575
6563,161575
6567,794382
6590,96009
6590,96009
6590,96009
6590,96009
6609,494663
6609,494663
6609,494663
6614,128585
6632,665389
6632,665389
6632,665389
6637,299869
6660,473941
6660,473941
6660,473941
6660,473941
6679,015208
6679,015208
6679,015208
6679,015208
6697,558259
6697,558259
6697,558259
6697,558259
6730,012896
6730,012896
6730,012896
6730,012896
6748,560859
6748,560859
6748,560859
6753,198128
6767,110608
6767,110608
6767,110608
6767,110608
6790,300306
6790,300306
6790,300306
6790,300306
6808,854075
6808,854075
6808,854075
6808,854075
6832,0488
6832,0488
6832,0488
6832,0488
6850,606591
6850,606591
6850,606591
6855,246318
6873,806343
6873,806343
6873,806343
6873,806343
6901,649734
6901,649734
6901,649734
6901,649734
6920,214229
6920,214229
6920,214229
6920,214229
6934,138775
6934,138775
6934,138775
6938,780514
6957,348588
6957,348588
6957,348588
6957,348588
6975,918451
6975,918451
6975,918451
6975,918451
6994,490103
6994,490103
6994,490103
6994,490103
7017,707185
7017,707185
7017,707185
7022,350937
7036,282865
7036,282865
7036,282865
7040,927065
7059,504982
7059,504982
7059,504982
7059,504982
7082,729897
7082,729897
7082,729897
7082,729897
7110,60349
7110,60349
7110,60349
7110,60349
7133,834562
7133,834562
7133,834562
7138,481112
7171,010101
7171,010101
7171,010101
7171,010101
7194,248453
7194,248453
7194,248453
7198,896459
7217,489606
7217,489606
7217,489606
7217,489606
7236,084545
7236,084545
7236,084545
7236,084545
7259,330741
7259,330741
7259,330741
7259,330741
7277,929715
7277,929715
7277,929715
7277,929715
7296,530483
7296,530483
7296,530483
7296,530483
7310,482236
7310,482236
7310,482236
7315,133045
7329,086143
7329,086143
7329,086143
7329,086143
7343,040252
7343,040252
7343,040252
7343,040252
7366,299342
7366,299342
7366,299342
7366,299342
7380,256142
7380,256142
7380,256142
7380,256142
7394,213952
7394,213952
7394,213952
7394,213952
7398,86678
7398,86678
7398,86678
7398,86678
7403,51972
7403,51972
7403,51972
7403,51972
7412,825937
7412,825937
7412,825937
7412,825937
7417,479213
7417,479213
7417,479213
7417,479213
7426,786103
7426,786103
7426,786103
7426,786103
7436,093442
7436,093442
7436,093442
7436,093442
7436,093442
7436,093442
7436,093442
7436,093442
7436,093442
7436,093442
7436,093442
7436,093442
7440,74728
7440,74728
7440,74728
7440,74728
7445,40123
7445,40123
7445,40123
7440,74728
7436,093442
7436,093442
7436,093442
7440,74728
7445,40123
7445,40123
7445,40123
7445,40123
7445,40123
7445,40123
7445,40123
7445,40123
7450,055292
7450,055292
7450,055292
7450,055292
7450,055292
7450,055292
7450,055292
7454,709467
7473,327288
7473,327288
7473,327288
7473,327288
7491,946905
7491,946905
7491,946905
7491,946905
7501,257388
7501,257388
7501,257388
7501,257388
7510,568319
7510,568319
7510,568319
7510,568319
7529,19153
7529,19153
7529,19153
7529,19153
7538,50381
7538,50381
7538,50381
7538,50381
7547,816538
7547,816538
7547,816538
7552,473071
7561,786474
7561,786474
7561,786474
7561,786474
7566,443344
7566,443344
7566,443344
7566,443344
7580,414628
7580,414628
7580,414628
7580,414628
7599,04458
7599,04458
7599,04458
7599,04458
7613,018224
7613,018224
7613,018224
7613,018224
7631,651323
7631,651323
7631,651323
7631,651323
7645,627327
7645,627327
7645,627327
7650,28622
7654,945226
7654,945226
7654,945226
7654,945226
7668,922917
7668,922917
7668,922917
7668,922917
7687,561412
7687,561412
7687,561412
7687,561412
7706,201707
7706,201707
7706,201707
7706,201707
7715,52253
7715,52253
7715,52253
7720,183109
7734,165524
7734,165524
7734,165524
7734,165524
7748,148951
7748,148951
7748,148951
7748,148951
7757,471799
7757,471799
7757,471799
7757,471799
7766,795096
7766,795096
7766,795096
7766,795096
7771,456914
7771,456914
7771,456914
7771,456914
7780,780887
7780,780887
7780,780887
7785,443042
7790,105309
7790,105309
7790,105309
7790,105309
7780,780887
7780,780887
7780,780887
7780,780887
7780,780887
7780,780887
7780,780887
7780,780887
7776,118844
7776,118844
7776,118844
7771,456914
7766,795096
7766,795096
7766,795096
7766,795096
7766,795096
7766,795096
7766,795096
7766,795096
7757,471799
7757,471799
7757,471799
7757,471799
7729,504607
7729,504607
7729,504607
7729,504607
7720,183109
7720,183109
7720,183109
7715,52253
7682,90162
7682,90162
7682,90162
7678,24194
7636,309879
7636,309879
7636,309879
7631,651323
7580,414628
7580,414628
7580,414628
7575,757421
7515,223954
7515,223954
7515,223954
7510,568319
7422,132602
7422,132602
7422,132602
7417,479213
7319,783965
7319,783965
7319,783965
7315,133045
7194,248453
7194,248453
7194,248453
7189,600558
7064,149742
7064,149742
7064,149742
7059,504982
6952,706402
6952,706402
6952,706402
6948,064327
6845,966975
6845,966975
6845,966975
6841,327472
6748,560859
6748,560859
6748,560859
6743,923701
6660,473941
6660,473941
6660,473941
6655,838904
6577,06033
6577,06033
6577,06033
6572,4273
6493,682844
6493,682844
6493,682844
6489,05182
6410,341459
6410,341459
6410,341459
6405,71244
6336,290516
6336,290516
6336,290516
6331,663279
6257,642606
6257,642606
6257,642606
6253,017259
6192,897873
6192,897873
6192,897873
6192,897873
6123,552694
6123,552694
6123,552694
6118,930572
6063,473761
6063,473761
6063,473761
6058,853082
5989,556221
5989,556221
5989,556221
5984,937318
5924,901681
5924,901681
5924,901681
5924,901681
5869,50081
5869,50081
5869,50081
5864,884791
5814,115905
5814,115905
5814,115905
5809,501217
5749,520355
5749,520355
5749,520355
5744,907218
5703,393971
5703,393971
5703,393971
5698,781941
5638,835635
5638,835635
5638,835635
5638,835635
5597,345305
5597,345305
5597,345305
5592,735821
5532,822604
5532,822604
5532,822604
5528,214669
5477,534684
5477,534684
5477,534684
5472,928076
5399,237379
5399,237379
5399,237379
5394,63265
5348,591431
5348,591431
5348,591431
5343,987917
5265,745065
5265,745065
5265,745065
5265,745065
5215,134333
5215,134333
5215,134333
5210,53402
5123,149017
5123,149017
5123,149017
5118,550909
5063,382209
5063,382209
5063,382209
5058,785534
4971,469633
4971,469633
4971,469633
4966,87516
4925,529862
4925,529862
4925,529862
4916,343229
4819,910155
4819,910155
4819,910155
4819,910155
4760,237797
4760,237797
4760,237797
4751,059084
4663,883228
4663,883228
4663,883228
4659,296124
4608,845226
4608,845226
4608,845226
4604,259439
4517,150352
4517,150352
4517,150352
4512,566761
4452,990055
4452,990055
4452,990055
4448,408
4370,529826
4370,529826
4370,529826
4370,529826
4338,471549
4338,471549
4338,471549
4333,892234
4260,638083
4260,638083
4260,638083
4260,638083
4237,75191
4237,75191
4237,75191
4233,175004
4173,685185
4173,685185
4173,685185
4173,685185
4146,234583
4146,234583
4146,234583
4141,659866
4086,771788
4086,771788
4086,771788
4086,771788
4068,479262
4068,479262
4068,479262
4068,479262
4031,899457
4031,899457
4031,899457
4031,899457
4027,327473
4027,327473
4027,327473
4027,327473
4004,469193
4004,469193
4004,469193
4004,469193
4018,183833
4018,183833
4018,183833
4018,183833
4018,183833
4018,183833
4018,183833
4018,183833
4036,47155
4036,47155
4036,47155
4036,47155
4041,043752
4041,043752
4041,043752
4041,043752
4063,906403
4063,906403
4063,906403
4063,906403
4077,625306
4077,625306
4077,625306
4077,625306
4095,918707
4095,918707
4095,918707
4100,492331
4123,36209
4123,36209
4123,36209
4123,36209
4146,234583
4146,234583
4146,234583
4146,234583
4164,534547
4164,534547
4164,534547
4164,534547
4191,987775
4191,987775
4191,987775
4196,563696
4237,75191
4237,75191
4237,75191
4237,75191
4265,215646
4265,215646
4265,215646
4265,215646
4310,9973
4310,9973
4310,9973
4310,9973
4343,050975
4343,050975
4343,050975
4343,050975
4379,69032
4379,69032
4379,69032
4384,270731
4420,917968
4420,917968
4420,917968
4420,917968
4466,736881
4466,736881
4466,736881
4466,736881
4503,399907
4503,399907
4503,399907
4503,399907
4562,992301
4562,992301
4562,992301
4562,992301
4599,673763
4599,673763
4599,673763
4599,673763
4650,122245
4650,122245
4650,122245
4654,70913
4686,820397
4686,820397
4686,820397
4686,820397
4728,114223
4728,114223
4728,114223
4732,702975
4755,648386
4755,648386
4755,648386
4760,237797
4810,728583
4810,728583
4810,728583
4810,728583
4829,092167
4829,092167
4829,092167
4833,683338
4865,824616
4865,824616
4865,824616
4865,824616
4888,785971
4888,785971
4888,785971
4888,785971
4934,716936
4934,716936
4934,716936
4934,716936
4948,498371
4948,498371
4948,498371
4953,092403
4999,03878
4999,03878
4999,03878
4999,03878
5022,016097
5022,016097
5022,016097
5026,611891
5063,382209
5063,382209
5063,382209
5063,382209
5077,172896
5077,172896
5077,172896
5077,172896
5113,952911
5113,952911
5113,952911
5113,952911
5132,345564
5132,345564
5132,345564
5132,345564
5164,536951
5164,536951
5164,536951
5164,536951
5173,735482
5173,735482
5173,735482
5173,735482
5205,933817
5205,933817
5205,933817
5205,933817
5224,335291
5224,335291
5224,335291
5228,935936
5261,143537
5261,143537
5261,143537
5265,745065
5279,550309
5279,550309
5279,550309
5279,550309
5311,766408
5311,766408
5311,766408
5311,766408
5320,972001
5320,972001
5320,972001
5320,972001
5357,798791
5357,798791
5357,798791
5357,798791
5367,006593
5367,006593
5367,006593
5371,61066
5399,237379
5399,237379
5399,237379
5399,237379
5413,05223
5413,05223
5413,05223
5413,05223
5431,473578
5431,473578
5431,473578
5431,473578
5436,079191
5436,079191
5436,079191
5440,684915
5449,896694
5449,896694
5449,896694
5449,896694
5454,50275
5454,50275
5454,50275
5454,50275
5459,108916
5459,108916
5459,108916
5459,108916
5449,896694
5449,896694
5449,896694
5449,896694
5436,079191
5436,079191
5436,079191
5436,079191
5422,262683
5422,262683
5422,262683
5417,657401
5380,819124
5380,819124
5380,819124
5380,819124
5353,195056
5353,195056
5353,195056
5348,591431
5302,561256
5302,561256
5302,561256
5302,561256
5261,143537
5261,143537
5261,143537
5256,54212
5196,733741
5196,733741
5196,733741
5192,133869
5132,345564
5132,345564
5132,345564
5127,747235
5058,785534
5058,785534
5058,785534
5054,188969
4994,443646
4994,443646
4994,443646
4989,848623
4916,343229
4916,343229
4916,343229
4911,750078
4829,092167
4829,092167
4829,092167
4824,501106
4755,648386
4755,648386
4755,648386
4751,059084
4673,057766
4673,057766
4673,057766
4673,057766
4604,259439
4604,259439
4604,259439
4599,673763
4526,317864
4526,317864
4526,317864
4521,734053
4448,408
4448,408
4448,408
4443,826054
4356,789907
4356,789907
4356,789907
4352,210153
4283,526993
4283,526993
4283,526993
4274,371101
4191,987775
4191,987775
4191,987775
4187,411963
4118,787919
4118,787919
4118,787919
4114,213858
4054,761015
4054,761015
4054,761015
4050,188485
3990,755537
3990,755537
3990,755537
3986,184537
3931,341055
3931,341055
3931,341055
3926,771475
3871,945031
3871,945031
3871,945031
3871,945031
3830,835513
3830,835513
3830,835513
3826,268335
3785,168639
3785,168639
3785,168639
3785,168639
3753,208318
3753,208318
3753,208318
3753,208318
3730,382789
3730,382789
3730,382789
3725,818011
3712,124329
3712,124329
3712,124329
3707,559987
3680,176221
3680,176221
3680,176221
3680,176221
3671,049171
3671,049171
3671,049171
3666,48581
3648,233454
3648,233454
3648,233454
3648,233454
3639,10793
3639,10793
3639,10793
3639,10793
3629,982841
3629,982841
3629,982841
3629,982841
3629,982841
3629,982841
3629,982841
3629,982841
3634,545331
3634,545331
3634,545331
3634,545331
3648,233454
3648,233454
3648,233454
3648,233454
3661,922557
3661,922557
3661,922557
3661,922557
3684,739909
3684,739909
3684,739909
3689,303707
3712,124329
3712,124329
3712,124329
3712,124329
3744,07778
3744,07778
3744,07778
3748,642994
3771,470704
3771,470704
3771,470704
3771,470704
3803,43408
3803,43408
3803,43408
3803,43408
3830,835513
3830,835513
3830,835513
3830,835513
3858,240876
3858,240876
3858,240876
3862,808818
3899,356288
3899,356288
3899,356288
3899,356288
3935,910745
3935,910745
3935,910745
3935,910745
3977,042864
3977,042864
3977,042864
3981,613646
4009,040631
4009,040631
4009,040631
4013,612177
4045,616064
4045,616064
4045,616064
4045,616064
4082,198492
4082,198492
4082,198492
4086,771788
4123,36209
4123,36209
4123,36209
4123,36209
4150,80941
4150,80941
4150,80941
4155,384346
4178,260668
4178,260668
4178,260668
4178,260668
4214,868474
4214,868474
4214,868474
4214,868474
4242,328926
4242,328926
4242,328926
4246,906051
4269,793319
4269,793319
4269,793319
4274,371101
4297,261654
4297,261654
4297,261654
4301,840093
4329,313028
4329,313028
4329,313028
4329,313028
4352,210153
4352,210153
4352,210153
4352,210153
4388,851252
4388,851252
4388,851252
4393,431883
4416,33668
4416,33668
4416,33668
4416,33668
4434,66249
4434,66249
4434,66249
4434,66249
4466,736881
4466,736881
4466,736881
4466,736881
4494,233493
4494,233493
4494,233493
4494,233493
4526,317864
4526,317864
4526,317864
4526,317864
4549,238564
4549,238564
4549,238564
4553,823034
4590,502739
4590,502739
4590,502739
4590,502739
4618,017128
4618,017128
4618,017128
4618,017128
4659,296124
4659,296124
4659,296124
4659,296124
4673,057766
4673,057766
4673,057766
4677,6452
4700,584017
4700,584017
4700,584017
4705,17211
4728,114223
4728,114223
4728,114223
4728,114223
4755,648386
4755,648386
4755,648386
4755,648386
4774,006692
4774,006692
4774,006692
4774,006692
4792,366758
4792,366758
4792,366758
4792,366758
4810,728583
4810,728583
4810,728583
4810,728583
4824,501106
4824,501106
4824,501106
4824,501106
4833,683338
4833,683338
4833,683338
4833,683338
4847,457511
4847,457511
4847,457511
4847,457511
4856,640844
4856,640844
4856,640844
4856,640844
4861,232675
4861,232675
4861,232675
4861,232675
4847,457511
4847,457511
4847,457511
4852,049123
4861,232675
4861,232675
4861,232675
4861,232675
4856,640844
4856,640844
4856,640844
4856,640844
4861,232675
4861,232675
4861,232675
4861,232675
4856,640844
4856,640844
4856,640844
4856,640844
4842,86601
4842,86601
4842,86601
4842,86601
4829,092167
4829,092167
4829,092167
4829,092167
4806,137962
4806,137962
4806,137962
4801,54745
4787,776577
4787,776577
4787,776577
4787,776577
4760,237797
4760,237797
4760,237797
4755,648386
4723,525581
4723,525581
4723,525581
4723,525581
4686,820397
4686,820397
4686,820397
4686,820397
4654,70913
4654,70913
4654,70913
4650,122245
4599,673763
4599,673763
4599,673763
4599,673763
4572,162008
4572,162008
4572,162008
4567,5771
4517,150352
4517,150352
4517,150352
4517,150352
4471,319375
4471,319375
4471,319375
4466,736881
4388,851252
4388,851252
4388,851252
4388,851252
4338,471549
4338,471549
4338,471549
4333,892234
4237,75191
4237,75191
4237,75191
4233,175004
4164,534547
4164,534547
4164,534547
4155,384346
4031,899457
4031,899457
4031,899457
4027,327473
3940,480543
3940,480543
3940,480543
3935,910745
3808,000712
3808,000712
3808,000712
3803,43408
3693,867613
3693,867613
3693,867613
3689,303707
3552,437184
3552,437184
3552,437184
3547,876655
3420,226035
3420,226035
3420,226035
3411,111398
3251,675648
3251,675648
3251,675648
3247,122297
3115,122357
3115,122357
3115,122357
3106,022278
2933,203206
2933,203206
2933,203206
2924,111801
2760,540606
2760,540606
2760,540606
2751,457432
2569,884787
2569,884787
2569,884787
2560,810695
2411,150548
2411,150548
2411,150548
2397,55091
2243,489523
2243,489523
2243,489523
2234,43097
2085,027054
2085,027054
2085,027054
2075,97604
1922,174648
1922,174648
1922,174648
1913,131379
1773,01567
1773,01567
1773,01567
1768,497527
1628,488332
1628,488332
1628,488332
1619,459021
1488,582207
1488,582207
1488,582207
1479,559542
1353,287211
1353,287211
1353,287211
1348,779037
1222,593605
1222,593605
1222,593605
1218,088533
1114,501377
1114,501377
1114,501377
1109,99887
997,4708938
997,4708938
997,4708938
992,9711625
898,5014507
898,5014507
898,5014507
889,5067884
781,6041008
781,6041008
781,6041008
777,1094876
691,732073
691,732073
691,732073
682,7472129
570,4723796
570,4723796
570,4723796
565,9827694
476,2128936
476,2128936
476,2128936
471,725516
368,5451559
368,5451559
368,5451559
364,0603279
274,3860617
274,3860617
274,3860617
269,9034628
184,7542396
184,7542396
184,7542396
175,7933906
90,68647379
90,68647379
90,68647379
86,20822216
10,0941521
10,0941521
10,0941521
1,141567859
-88,36098578
-88,36098578
-88,36098578
-92,83500226
-164,4048793
-164,4048793
-164,4048793
-177,8212172
-352,1470527
-352,1470527
-352,1470527
-365,5500777
-570,9442071
-570,9442071
-570,9442071
-575,4068186
-673,5576131
-673,5576131
-673,5576131
-678,0178014
-780,5730744
-780,5730744
-780,5730744
-785,0307362
-896,4380954
-896,4380954
-896,4380954
-900,8930227
-1003,327344
-1003,327344
-1003,327344
-1012,232049
-1101,256003
-1101,256003
-1101,256003
-1105,706098
-1203,58165
-1203,58165
-1203,58165
-1208,029332
-1328,077128
-1328,077128
-1328,077128
-1336,966518
-1443,606522
-1443,606522
-1443,606522
-1452,490467
-1545,746616
-1545,746616
-1545,746616
-1550,186234
-1674,453099
-1674,453099
-1674,453099
-1683,326168
-1789,770411
-1789,770411
-1789,770411
-1798,63805
-1936,033083
-1936,033083
-1936,033083
-1940,463512
-2037,906579
-2037,906579
-2037,906579
-2046,762539
-2170,702237
-2170,702237
-2170,702237
-2175,127145
-2259,180636
-2259,180636
-2259,180636
-2268,026187
-2387,400433
-2387,400433
-2387,400433
-2391,820246
-2458,104984
-2458,104984
-2458,104984
-2462,523136
-2564,111978
-2564,111978
-2564,111978
-2564,111978
-2625,921792
-2625,921792
-2625,921792
-2630,336001
-2709,774034
-2709,774034
-2709,774034
-2714,186274
-2793,58887
-2793,58887
-2793,58887
-2797,999141
-2864,140788
-2864,140788
-2864,140788
-2868,549403
-2961,106417
-2961,106417
-2961,106417
-2965,512756
-3044,80918
-3044,80918
-3044,80918
-3049,213555
-3176,895489
-3176,895489
-3176,895489
-3181,296765
-3251,703148
-3251,703148
-3251,703148
-3251,703148
-3286,896433
-3286,896433
-3286,896433
-3286,896433
-3330,878758
-3330,878758
-3330,878758
-3335,276423
-3366,057193
-3366,057193
-3366,057193
-3366,057193
-3379,247406
-3379,247406
-3379,247406
-3383,643937
-3405,625048
-3405,625048
-3405,625048
-3405,625048
-3405,625048
-3405,625048
-3405,625048
-3405,625048
-3410,020961
-3410,020961
-3410,020961
-3410,020961
-3396,832913
-3396,832913
-3396,832913
-3392,436691
-3374,850771
-3374,850771
-3374,850771
-3374,850771
-3348,4688
-3348,4688
-3348,4688
-3348,4688
-3322,083118
-3322,083118
-3322,083118
-3322,083118
-3300,092214
-3300,092214
-3300,092214
-3295,693723
-3251,703148
-3251,703148
-3251,703148
-3247,303523
-3220,903606
-3220,903606
-3220,903606
-3220,903606
-3172,494109
-3172,494109
-3172,494109
-3172,494109
-3115,26678
-3115,26678
-3115,26678
-3110,863955
-3053,617827
-3053,617827
-3053,617827
-3049,213555
-2983,137079
-2983,137079
-2983,137079
-2978,731153
-2921,444712
-2921,444712
-2921,444712
-2917,037338
-2842,09616
-2842,09616
-2842,09616
-2842,09616
-2784,768016
-2784,768016
-2784,768016
-2780,357434
-2709,774034
-2709,774034
-2709,774034
-2705,361691
-2634,750106
-2634,750106
-2634,750106
-2630,336001
-2555,280345
-2555,280345
-2555,280345
-2546,448297
-2471,359128
-2471,359128
-2471,359128
-2466,941184
-2391,820246
-2391,820246
-2391,820246
-2387,400433
-2312,247706
-2312,247706
-2312,247706
-2307,826022
-2237,064937
-2237,064937
-2237,064937
-2232,641485
-2166,277225
-2166,277225
-2166,277225
-2161,852108
-2073,327918
-2073,327918
-2073,327918
-2068,900615
-1993,620529
-1993,620529
-1993,620529
-1984,762068
-1905,01716
-1905,01716
-1905,01716
-1900,585897
-1820,805321
-1820,805321
-1820,805321
-1816,372076
-1732,12058
-1732,12058
-1732,12058
-1727,685246
-1652,268597
-1652,268597
-1652,268597
-1647,831383
-1559,065157
-1559,065157
-1559,065157
-1554,625748
-1474,698497
-1474,698497
-1474,698497
-1470,2571
-1385,850674
-1385,850674
-1385,850674
-1381,407183
-1301,406443
-1301,406443
-1301,406443
-1292,515376
-1208,029332
-1208,029332
-1208,029332
-1203,58165
-1132,404467
-1132,404467
-1132,404467
-1123,50543
-1038,943645
-1038,943645
-1038,943645
-1034,491975
-958,7975126
-958,7975126
-958,7975126
-949,8902856
-865,2506605
-865,2506605
-865,2506605
-860,7948921
-789,4882929
-789,4882929
-789,4882929
-785,0307362
-700,3171634
-700,3171634
-700,3171634
-695,8575016
-620,0271376
-620,0271376
-620,0271376
-615,5655798
-539,702975
-539,702975
-539,702975
-535,2395201
-463,8099016
-463,8099016
-463,8099016
-459,3446539
-387,8863413
-387,8863413
-387,8863413
-383,4192997
-311,9322757
-311,9322757
-311,9322757
-307,4634391
-235,9476865
-235,9476865
-235,9476865
-231,4770538
-150,9875898
-150,9875898
-150,9875898
-146,5149485
-70,46386179
-70,46386179
-70,46386179
-65,98931626
-3,33456544
-3,33456544
-3,33456544
1,141567859
68,29627513
68,29627513
68,29627513
72,77410298
130,9955069
130,9955069
130,9955069
135,4748183
193,7155126
193,7155126
193,7155126
198,1963083
251,9741282
251,9741282
251,9741282
251,9741282
301,2838836
301,2838836
301,2838836
301,2838836
350,606481
350,606481
350,606481
355,0909905
408,913387
408,913387
408,913387
408,913387
440,3168484
440,3168484
440,3168484
440,3168484
480,7003775
480,7003775
480,7003775
485,1879677
521,0925156
521,0925156
521,0925156
525,5810625
570,4723796
570,4723796
570,4723796
570,4723796
610,8836586
610,8836586
610,8836586
615,3743327
646,8120302
646,8120302
646,8120302
651,3035555
673,7627786
673,7627786
673,7627786
673,7627786
709,7030708
709,7030708
709,7030708
709,7030708
745,6501776
745,6501776
745,6501776
750,1440452
786,0988206
786,0988206
786,0988206
786,0988206
817,5648424
817,5648424
817,5648424
822,0604146
853,5324043
853,5324043
853,5324043
853,5324043
876,0155948
876,0155948
876,0155948
876,0155948
916,4920548
916,4920548
916,4920548
916,4920548
952,4783826
952,4783826
952,4783826
952,4783826
983,97202
983,97202
983,97202
988,4715379
1010,970728
1010,970728
1010,970728
1010,970728
1042,474077
1042,474077
1042,474077
1042,474077
1069,481111
1069,481111
1069,481111
1073,982657
1096,491989
1096,491989
1096,491989
1100,994176
1132,512474
1132,512474
1132,512474
1132,512474
1164,036007
1164,036007
1164,036007
1164,036007
1204,573958
1204,573958
1204,573958
1209,07871
1240,614961
1240,614961
1240,614961
1240,614961
1281,169269
1281,169269
1281,169269
1281,169269
1312,717499
1312,717499
1312,717499
1312,717499
1344,27097
1344,27097
1344,27097
1344,27097
1380,338501
1380,338501
1380,338501
1380,338501
1420,922663
1420,922663
1420,922663
1420,922663
1447,983588
1447,983588
1447,983588
1447,983588
1479,559542
1479,559542
1479,559542
1479,559542
1506,628822
1506,628822
1506,628822
1511,140744
1542,727197
1542,727197
1542,727197
1542,727197
1569,805479
1569,805479
1569,805479
1574,318902
1601,401687
1601,401687
1601,401687
1601,401687
1614,944527
1614,944527
1614,944527
1619,459021
1642,033102
1642,033102
1642,033102
1642,033102
1655,578838
1655,578838
1655,578838
1655,578838
1669,12554
1669,12554
1669,12554
1673,641321
1678,15721
1678,15721
1678,15721
1682,673207
1700,738265
1700,738265
1700,738265
1700,738265
1714,288185
1714,288185
1714,288185
1714,288185
1714,288185
1714,288185
1714,288185
1714,288185
1714,288185
1714,288185
1714,288185
1714,288185
1718,80504
1718,80504
1718,80504
1718,80504
1714,288185
1714,288185
1714,288185
1714,288185
1705,254798
1705,254798
1705,254798
1705,254798
1691,705521
1691,705521
1691,705521
1691,705521
1687,18931
1687,18931
1687,18931
1687,18931
1687,18931
1687,18931
1687,18931
1682,673207
1669,12554
1669,12554
1669,12554
1669,12554
1660,094298
1660,094298
1660,094298
1660,094298
1655,578838
1655,578838
1655,578838
1655,578838
1642,033102
1642,033102
1642,033102
1642,033102
1623,973623
1623,973623
1623,973623
1619,459021
1596,887621
1596,887621
1596,887621
1596,887621
1574,318902
1574,318902
1574,318902
1569,805479
1542,727197
1542,727197
1542,727197
1542,727197
1506,628822
1506,628822
1506,628822
1502,117008
1457,004754
1457,004754
1457,004754
1457,004754
1407,393645
1407,393645
1407,393645
1402,884187
1348,779037
1348,779037
1348,779037
1344,27097
1281,169269
1281,169269
1281,169269
1281,169269
1213,583568
1213,583568
1213,583568
1209,07871
1141,518664
1141,518664
1141,518664
1137,015515
1060,478339
1060,478339
1060,478339
1055,977113
970,4741067
970,4741067
970,4741067
965,9750156
867,0219987
867,0219987
867,0219987
862,5253606
768,1205807
768,1205807
768,1205807
763,626287
664,77877
664,77877
664,77877
660,2869254
570,4723796
570,4723796
570,4723796
561,4932654
471,725516
471,725516
471,725516
467,2382447
390,9708889
390,9708889
390,9708889
386,4855299
305,7672253
305,7672253
305,7672253
301,2838836
238,5282412
238,5282412
238,5282412
234,0464911
166,8329658
166,8329658
166,8329658
162,3529124
104,1218644
104,1218644
104,1218644
99,64329491
41,43153263
41,43153263
41,43153263
36,95444627
-21,2380399
-21,2380399
-21,2380399
-25,71364386
-74,93830151
-74,93830151
-74,93830151
-79,41263542
-133,0963899
-133,0963899
-133,0963899
-133,0963899
-191,2366035
-191,2366035
-191,2366035
-195,7081874
-240,4182135
-240,4182135
-240,4182135
-240,4182135
-285,1176717
-285,1176717
-285,1176717
-285,1176717
-307,4634391
-307,4634391
-307,4634391
-307,4634391
-338,7430774
-338,7430774
-338,7430774
-343,2111748
-370,0175415
-370,0175415
-370,0175415
-374,4848998
-405,7534521
-405,7534521
-405,7534521
-405,7534521
-423,6188744
-423,6188744
-423,6188744
-423,6188744
-445,9482779
-445,9482779
-445,9482779
-445,9482779
-454,8793007
-454,8793007
-454,8793007
-454,8793007
-472,7400804
-472,7400804
-472,7400804
-472,7400804
-468,2750437
-468,2750437
-468,2750437
-468,2750437
-477,2050117
-477,2050117
-477,2050117
-477,2050117
-463,8099016
-463,8099016
-463,8099016
-463,8099016
-459,3446539
-459,3446539
-459,3446539
-454,8793007
-437,016833
-437,016833
-437,016833
-437,016833
-428,0849661
-428,0849661
-428,0849661
-428,0849661
-396,8201078
-396,8201078
-396,8201078
-392,3532773
-370,0175415
-370,0175415
-370,0175415
-370,0175415
-347,6791665
-347,6791665
-347,6791665
-347,6791665
-338,7430774
-338,7430774
-338,7430774
-338,7430774
-307,4634391
-307,4634391
-307,4634391
-307,4634391
-289,5870365
-289,5870365
-289,5870365
-289,5870365
-253,8291604
-253,8291604
-253,8291604
-253,8291604
-222,5354714
-222,5354714
-222,5354714
-222,5354714
-204,6510382
-204,6510382
-204,6510382
-200,1796657
-191,2366035
-191,2366035
-191,2366035
-191,2366035
-173,3492103
-173,3492103
-173,3492103
-173,3492103
-150,9875898
-150,9875898
-150,9875898
-150,9875898
-128,6233255
-128,6233255
-128,6233255
-124,1501553
-97,30891293
-97,30891293
-97,30891293
-97,30891293
-83,8868635
-83,8868635
-83,8868635
-83,8868635
-70,46386179
-70,46386179
-70,46386179
-70,46386179
-52,56504468
-52,56504468
-52,56504468
-52,56504468
-61,51466489
-61,51466489
-61,51466489
-61,51466489
-74,93830151
-74,93830151
-74,93830151
-74,93830151
-74,93830151
-74,93830151
-74,93830151
-74,93830151
-97,30891293
-97,30891293
-97,30891293
-97,30891293
-137,5693485
-137,5693485
-137,5693485
-137,5693485
-191,2366035
-191,2366035
-191,2366035
-191,2366035
-240,4182135
-240,4182135
-240,4182135
-244,8886348
-316,4010067
-316,4010067
-316,4010067
-316,4010067
-374,4848998
-374,4848998
-374,4848998
-374,4848998
-414,6863743
-414,6863743
-414,6863743
-414,6863743
-437,016833
-437,016833
-437,016833
-437,016833
-463,8099016
-463,8099016
-463,8099016
-463,8099016
-486,1345576
-486,1345576
-486,1345576
-490,5991724
-512,9206644
-512,9206644
-512,9206644
-512,9206644
-526,3122942
-526,3122942
-526,3122942
-526,3122942
-553,0927069
-553,0927069
-553,0927069
-553,0927069
-557,5557401
-557,5557401
-557,5557401
-557,5557401
-562,0186678
-562,0186678
-562,0186678
-562,0186678
-570,9442071
-570,9442071
-570,9442071
-570,9442071
-588,7940208
-588,7940208
-588,7940208
-588,7940208
-588,7940208
-588,7940208
-588,7940208
-588,7940208
-597,7182953
-597,7182953
-597,7182953
-597,7182953
-602,1802745
-602,1802745
-602,1802745
-602,1802745
-611,1039168
-611,1039168
-611,1039168
-611,1039168
-611,1039168
-611,1039168
-611,1039168
-611,1039168
-620,0271376
-620,0271376
-620,0271376
-620,0271376
-628,9499369
-628,9499369
-628,9499369
-628,9499369
-646,7942714
-646,7942714
-646,7942714
-646,7942714
-651,2550917
-651,2550917
-651,2550917
-651,2550917
-660,1764162
-660,1764162
-660,1764162
-660,1764162
-655,7158066
-655,7158066
-655,7158066
-655,7158066
-651,2550917
-651,2550917
-651,2550917
-651,2550917
-637,8723149
-637,8723149
-637,8723149
-637,8723149
-628,9499369
-628,9499369
-628,9499369
-628,9499369
-611,1039168
-611,1039168
-611,1039168
-606,6421483
-588,7940208
-588,7940208
-588,7940208
-588,7940208
-566,4814901
-566,4814901
-566,4814901
-566,4814901
-553,0927069
-553,0927069
-553,0927069
-548,6295684
-526,3122942
-526,3122942
-526,3122942
-526,3122942
-495,0636818
-495,0636818
-495,0636818
-495,0636818
-468,2750437
-468,2750437
-468,2750437
-463,8099016
-445,9482779
-445,9482779
-445,9482779
-441,4826082
-410,219966
-410,219966
-410,219966
-410,219966
-374,4848998
-374,4848998
-374,4848998
-370,0175415
-329,8065659
-329,8065659
-329,8065659
-329,8065659
-302,9944969
-302,9944969
-302,9944969
-302,9944969
-262,7692634
-262,7692634
-262,7692634
-262,7692634
-218,0645217
-218,0645217
-218,0645217
-213,5934662
-173,3492103
-173,3492103
-173,3492103
-168,8770977
-137,5693485
-137,5693485
-137,5693485
-133,0963899
-92,83500226
-92,83500226
-92,83500226
-88,36098578
-48,09007582
-48,09007582
-48,09007582
-48,09007582
-12,28651441
-12,28651441
-12,28651441
-12,28651441
10,0941521
10,0941521
10,0941521
14,57060306
41,43153263
41,43153263
41,43153263
41,43153263
54,86342722
54,86342722
54,86342722
59,34093726
72,77410298
72,77410298
72,77410298
72,77410298
68,29627513
68,29627513
68,29627513
68,29627513
63,81855323
63,81855323
63,81855323
59,34093726
50,3860231
50,3860231
50,3860231
50,3860231
32,47746582
32,47746582
32,47746582
32,47746582
-12,28651441
-12,28651441
-12,28651441
-12,28651441
-48,09007582
-48,09007582
-48,09007582
-52,56504468
-110,7300102
-110,7300102
-110,7300102
-115,2034977
-177,8212172
-177,8212172
-177,8212172
-182,2931183
-253,8291604
-253,8291604
-253,8291604
-258,2992647
-325,3381518
-325,3381518
-325,3381518
-329,8065659
-405,7534521
-405,7534521
-405,7534521
-410,219966
-481,6698374
-481,6698374
-481,6698374
-486,1345576
-570,9442071
-570,9442071
-570,9442071
-575,4068186
-655,7158066
-655,7158066
-655,7158066
-664,6369205
-758,2831865
-758,2831865
-758,2831865
-762,7413746
-834,058073
-834,058073
-834,058073
-838,5144724
-927,6203791
-927,6203791
-927,6203791
-932,0745706
-1012,232049
-1012,232049
-1012,232049
-1016,684244
-1083,454572
-1083,454572
-1083,454572
-1087,905087
-1150,20128
-1150,20128
-1150,20128
-1154,650221
-1216,924382
-1216,924382
-1216,924382
-1221,37175
-1261,393342
-1261,393342
-1261,393342
-1265,839661
-1305,851819
-1305,851819
-1305,851819
-1310,29709
-1332,521875
-1332,521875
-1332,521875
-1332,521875
-1376,963588
-1376,963588
-1376,963588
-1381,407183
-1399,180517
-1399,180517
-1399,180517
-1399,180517
-1425,837376
-1425,837376
-1425,837376
-1425,837376
-1430,27982
-1430,27982
-1430,27982
-1434,722158
-1443,606522
-1443,606522
-1443,606522
-1443,606522
-1443,606522
-1443,606522
-1443,606522
-1443,606522
-1439,164392
-1439,164392
-1439,164392
-1434,722158
-1421,394828
-1421,394828
-1421,394828
-1421,394828
-1408,066555
-1408,066555
-1408,066555
-1408,066555
-1385,850674
-1385,850674
-1385,850674
-1381,407183
-1363,632174
-1363,632174
-1363,632174
-1363,632174
-1336,966518
-1336,966518
-1336,966518
-1336,966518
-1310,29709
-1310,29709
-1310,29709
-1305,851819
-1261,393342
-1261,393342
-1261,393342
-1256,946918
-1225,819013
-1225,819013
-1225,819013
-1221,37175
-1185,789872
-1185,789872
-1185,789872
-1181,341665
-1154,650221
-1154,650221
-1154,650221
-1150,20128
-1101,256003
-1101,256003
-1101,256003
-1101,256003
-1061,200421
-1061,200421
-1061,200421
-1061,200421
-1025,58832
-1025,58832
-1025,58832
-1025,58832
-1007,779749
-1007,779749
-1007,779749
-1003,327344
-981,0637413
-981,0637413
-981,0637413
-976,6107057
-954,3439517
-954,3439517
-954,3439517
-954,3439517
-927,6203791
-927,6203791
-927,6203791
-927,6203791
-905,3478449
-905,3478449
-905,3478449
-905,3478449
-883,0726827
-883,0726827
-883,0726827
-883,0726827
-878,6173349
-878,6173349
-878,6173349
-878,6173349
-856,3390185
-856,3390185
-856,3390185
-856,3390185
-851,8830397
-851,8830397
-851,8830397
-851,8830397
-838,5144724
-838,5144724
-838,5144724
-838,5144724
-842,9707667
-842,9707667
-842,9707667
-842,9707667
-834,058073
-834,058073
-834,058073
-834,058073
-829,6015683
-829,6015683
-829,6015683
-829,6015683
-811,7744979
-811,7744979
-811,7744979
-811,7744979
-807,3174673
-807,3174673
-807,3174673
-807,3174673
-789,4882929
-789,4882929
-789,4882929
-789,4882929
-789,4882929
-789,4882929
-789,4882929
-789,4882929
-767,1994574
-767,1994574
-767,1994574
-767,1994574
-767,1994574
-767,1994574
-767,1994574
-762,7413746
-740,4493819
-740,4493819
-740,4493819
-740,4493819
-735,9906676
-735,9906676
-735,9906676
-735,9906676
-709,2361712
-709,2361712
-709,2361712
-704,77672
-686,9378621
-686,9378621
-686,9378621
-686,9378621
-660,1764162
-660,1764162
-660,1764162
-655,7158066
-637,8723149
-637,8723149
-637,8723149
-633,4111786
-606,6421483
-606,6421483
-606,6421483
-606,6421483
-584,3317254
-584,3317254
-584,3317254
-584,3317254
-553,0927069
-553,0927069
-553,0927069
-548,6295684
-512,9206644
-512,9206644
-512,9206644
-508,4565769
-468,2750437
-468,2750437
-468,2750437
-463,8099016
-428,0849661
-428,0849661
-428,0849661
-428,0849661
-383,4192997
-383,4192997
-383,4192997
-383,4192997
-347,6791665
-347,6791665
-347,6791665
-343,2111748
-307,4634391
-307,4634391
-307,4634391
-302,9944969
-276,1786253
-276,1786253
-276,1786253
-271,7089437
-240,4182135
-240,4182135
-240,4182135
-235,9476865
-209,1223051
-209,1223051
-209,1223051
-209,1223051
-177,8212172
-177,8212172
-177,8212172
-177,8212172
-150,9875898
-150,9875898
-150,9875898
-150,9875898
-137,5693485
-137,5693485
-137,5693485
-137,5693485
-115,2034977
-115,2034977
-115,2034977
-115,2034977
-97,30891293
-97,30891293
-97,30891293
-97,30891293
-97,30891293
-97,30891293
-97,30891293
-97,30891293
-88,36098578
-88,36098578
-88,36098578
-83,8868635
-70,46386179
-70,46386179
-70,46386179
-70,46386179
-61,51466489
-61,51466489
-61,51466489
-61,51466489
-52,56504468
-52,56504468
-52,56504468
-52,56504468
-39,13982058
-39,13982058
-39,13982058
-39,13982058
-34,66453419
-34,66453419
-34,66453419
-34,66453419
-30,18914195
-30,18914195
-30,18914195
-30,18914195
-30,18914195
-30,18914195
-30,18914195
-30,18914195
-39,13982058
-39,13982058
-39,13982058
-39,13982058
-65,98931626
-65,98931626
-65,98931626
-65,98931626
-92,83500226
-92,83500226
-92,83500226
-92,83500226
-128,6233255
-128,6233255
-128,6233255
-128,6233255
-159,9325552
-159,9325552
-159,9325552
-164,4048793
-200,1796657
-200,1796657
-200,1796657
-204,6510382
-258,2992647
-258,2992647
-258,2992647
-262,7692634
-298,5254491
-298,5254491
-298,5254491
-302,9944969
-365,5500777
-365,5500777
-365,5500777
-370,0175415
-405,7534521
-405,7534521
-405,7534521
-410,219966
-459,3446539
-459,3446539
-459,3446539
-459,3446539
-499,5280856
-499,5280856
-499,5280856
-499,5280856
-553,0927069
-553,0927069
-553,0927069
-553,0927069
-566,4814901
-566,4814901
-566,4814901
-570,9442071
-624,4885899
-624,4885899
-624,4885899
-628,9499369
-673,5576131
-673,5576131
-673,5576131
-678,0178014
-727,0729232
-727,0729232
-727,0729232
-727,0729232
-758,2831865
-758,2831865
-758,2831865
-762,7413746
-834,058073
-834,058073
-834,058073
-834,058073
-874,1618819
-874,1618819
-874,1618819
-878,6173349
-936,528657
-936,528657
-936,528657
-936,528657
-972,1575651
-972,1575651
-972,1575651
-976,6107057
-1030,0402
-1030,0402
-1030,0402
-1030,0402
-1038,943645
-1038,943645
-1038,943645
-1043,39521
-1105,706098
-1105,706098
-1105,706098
-1110,156089
-1119,055755
-1119,055755
-1119,055755
-1123,50543
-1167,996415
-1167,996415
-1167,996415
-1167,996415
-1181,341665
-1181,341665
-1181,341665
-1181,341665
-1212,47691
-1212,47691
-1212,47691
-1216,924382
-1230,266171
-1230,266171
-1230,266171
-1234,713224
-1261,393342
-1261,393342
-1261,393342
-1265,839661
-1292,515376
-1292,515376
-1292,515376
-1296,960962
-1336,966518
-1336,966518
-1336,966518
-1336,966518
-1359,18816
-1359,18816
-1359,18816
-1363,632174
-1390,294059
-1390,294059
-1390,294059
-1390,294059
-1412,509418
-1412,509418
-1412,509418
-1412,509418
-1421,394828
-1421,394828
-1421,394828
-1421,394828
-1403,623588
-1403,623588
-1403,623588
-1403,623588
-1403,623588
-1403,623588
-1403,623588
-1403,623588
-1385,850674
-1385,850674
-1385,850674
-1385,850674
-1372,519888
-1372,519888
-1372,519888
-1372,519888
-1354,744041
-1354,744041
-1354,744041
-1354,744041
-1336,966518
-1336,966518
-1336,966518
